{"ED": 0.800569169998169, "ET": 0.8307144799232483, "N-NE": 0.8641203999519348, "mean": 0.831801365852356, "whole_tumor": 0.8461200861930848, "tumor_core": 0.8481702818870545}