{"ED": 0.7251843043736049, "ET": 0.7922805107775188, "N-NE": 0.8206812157517388, "mean": 0.7793820315883273, "whole_tumor": 0.7835551793613131, "tumor_core": 0.8044072451099517}