{"ED": 0.8553041682243347, "ET": 0.8485610008239746, "N-NE": 0.8752050704956055, "mean": 0.8596901001930237, "whole_tumor": 0.897211434841156, "tumor_core": 0.8641446480751037}