{"ED": 0.8141706595420838, "ET": 0.8332980418205261, "N-NE": 0.8715336861610412, "mean": 0.8396674799919128, "whole_tumor": 0.860595498085022, "tumor_core": 0.8480438761711121}