{"ED": 0.7980941376686096, "ET": 0.840739351272583, "N-NE": 0.869900484085083, "mean": 0.8362446775436402, "whole_tumor": 0.8438215980529785, "tumor_core": 0.8526684327125549}