{"ED": 0.7642114748954772, "ET": 0.8150798997879029, "N-NE": 0.8509443473815917, "mean": 0.8100785946846009, "whole_tumor": 0.8119856095314026, "tumor_core": 0.8281722259521485}