{"ED": 0.7923135786056519, "ET": 0.8286288504600525, "N-NE": 0.8661259579658508, "mean": 0.8290228099822998, "whole_tumor": 0.8382096815109253, "tumor_core": 0.8496504483222962}