{"ED": 0.8385285110700698, "ET": 0.838260567377484, "N-NE": 0.8611574612912678, "mean": 0.8459822010426294, "whole_tumor": 0.8853270676400926, "tumor_core": 0.8526717041219983}