{"ED": 0.8129850416183472, "ET": 0.8284397687911987, "N-NE": 0.8696799702644348, "mean": 0.8370349435806275, "whole_tumor": 0.856910801410675, "tumor_core": 0.8468954854011536}