{"ED": 0.612726479768753, "ET": 0.5676173868179322, "N-NE": 0.6028986043930054, "mean": 0.5944141752719879, "whole_tumor": 0.5710523116588593, "tumor_core": 0.5464168412685394}