{"ED": 0.8453766556959303, "ET": 0.8420118618579138, "N-NE": 0.8688258377332536, "mean": 0.8520714697383699, "whole_tumor": 0.8889801379234071, "tumor_core": 0.8553721351282937}