{"ED": 0.8035992932319641, "ET": 0.834893383026123, "N-NE": 0.8674570255279541, "mean": 0.8353165874481201, "whole_tumor": 0.8516997704505921, "tumor_core": 0.8491107339859009}