{"ED": 0.7431556383768717, "ET": 0.810603886369675, "N-NE": 0.849362220556017, "mean": 0.8010406016357361, "whole_tumor": 0.7906162767183214, "tumor_core": 0.8306666205799769}