{"ED": 0.826004418849945, "ET": 0.8335045223236084, "N-NE": 0.8635742025375366, "mean": 0.8410277304649353, "whole_tumor": 0.8750821866989136, "tumor_core": 0.8504575929641723}