{"ED": 0.7499642195701599, "ET": 0.8207851862907409, "N-NE": 0.8575234560966492, "mean": 0.8094243078231812, "whole_tumor": 0.8004874663352967, "tumor_core": 0.8431069340705871}