{"ED": 0.7553768811225892, "ET": 0.7287386236190796, "N-NE": 0.6971414694786072, "mean": 0.7270856771469116, "whole_tumor": 0.7507193284034729, "tumor_core": 0.6693829660415649}