{"ED": 0.8041666631698609, "ET": 0.834821038722992, "N-NE": 0.863601402759552, "mean": 0.8341963911056518, "whole_tumor": 0.8502043933868408, "tumor_core": 0.8451437029838562}