{"ED": 0.8320331673622131, "ET": 0.844122130393982, "N-NE": 0.8732296013832093, "mean": 0.8497949867248535, "whole_tumor": 0.8794867272377014, "tumor_core": 0.8609103288650513}