{"ED": 0.8150811819803148, "ET": 0.8226461226031894, "N-NE": 0.8580680910557036, "mean": 0.8319318147878798, "whole_tumor": 0.8615253009493389, "tumor_core": 0.8339852889378866}