{"ED": 0.5329597222805024, "ET": 0.6283213632106781, "N-NE": 0.8055005779266358, "mean": 0.6555939092636108, "whole_tumor": 0.5489311394691467, "tumor_core": 0.6190904040336609}