{"ED": 0.7853008608818054, "ET": 0.8262851338386535, "N-NE": 0.8615653538703918, "mean": 0.8243838047981262, "whole_tumor": 0.8279110803604126, "tumor_core": 0.83373828125}