{"ED": 0.7992593183517456, "ET": 0.8353207240104675, "N-NE": 0.8600666241645814, "mean": 0.8315489101409912, "whole_tumor": 0.8433711905479431, "tumor_core": 0.8468331551551819}