{"ED": 0.7484497861862183, "ET": 0.7752066011428833, "N-NE": 0.7665631585121154, "mean": 0.7634065356254578, "whole_tumor": 0.7897958550453186, "tumor_core": 0.7640527729988098}