{"ED": 0.834075303554535, "ET": 0.8361944699287415, "N-NE": 0.8595566997528076, "mean": 0.8432755122184753, "whole_tumor": 0.8834763231277466, "tumor_core": 0.8531135497093201}