{"ED": 0.8337981233596802, "ET": 0.842518835067749, "N-NE": 0.8674624791145324, "mean": 0.8479264965057373, "whole_tumor": 0.8737442293167115, "tumor_core": 0.8557900419235229}