{"ED": 0.8327537970542908, "ET": 0.842191704750061, "N-NE": 0.868391480922699, "mean": 0.8477790093421936, "whole_tumor": 0.8745915679931641, "tumor_core": 0.8558496699333191}