{"ED": 0.8373977184295655, "ET": 0.8394719581604004, "N-NE": 0.8667170042991639, "mean": 0.8478622441291809, "whole_tumor": 0.8797599124908447, "tumor_core": 0.854016655921936}