{"ED": 0.8438057494163513, "ET": 0.8466185059547424, "N-NE": 0.8715139117240905, "mean": 0.8539794087409973, "whole_tumor": 0.887635730266571, "tumor_core": 0.8640354156494141}