{"ED": 0.8286908202171326, "ET": 0.8414444937705994, "N-NE": 0.871909059047699, "mean": 0.8473481450080872, "whole_tumor": 0.872002682685852, "tumor_core": 0.8538742690086365}