{"ED": 0.8280910081863403, "ET": 0.8395365047454834, "N-NE": 0.8689245505332946, "mean": 0.8455173754692078, "whole_tumor": 0.876775200843811, "tumor_core": 0.8565029501914978}