{"ED": 0.7942713718414307, "ET": 0.8195191946029663, "N-NE": 0.8396457457542419, "mean": 0.817812123298645, "whole_tumor": 0.8529802312850953, "tumor_core": 0.8375814518928528}