{"ED": 0.7997028980255126, "ET": 0.816462776184082, "N-NE": 0.8354056758880615, "mean": 0.8171904716491699, "whole_tumor": 0.8447276945114136, "tumor_core": 0.8278018064498901}