{"ED": 0.8212051746391115, "ET": 0.8326942783499521, "N-NE": 0.8587290786561512, "mean": 0.8375428645383745, "whole_tumor": 0.866827646891276, "tumor_core": 0.8460165295335982}