{"ED": 0.8462026491165161, "ET": 0.8496446905136108, "N-NE": 0.876823823928833, "mean": 0.8575570774078369, "whole_tumor": 0.8945161428451538, "tumor_core": 0.8663609886169433}