{"ED": 0.8462296166419983, "ET": 0.8513570079803466, "N-NE": 0.8760386009216309, "mean": 0.8578750977516174, "whole_tumor": 0.8915779929161072, "tumor_core": 0.8646727933883667}