{"ED": 0.8207995096842448, "ET": 0.8257350973666661, "N-NE": 0.8488173096899002, "mean": 0.8317839900652567, "whole_tumor": 0.8661892669541496, "tumor_core": 0.8417820466889275}