{"ED": 0.8461226110458374, "ET": 0.8433715023994446, "N-NE": 0.8701676459312438, "mean": 0.8532206091880798, "whole_tumor": 0.890886224269867, "tumor_core": 0.8576891164779663}