{"ED": 0.8195080943107605, "ET": 0.8377699732780457, "N-NE": 0.8651499814987182, "mean": 0.8408093662261963, "whole_tumor": 0.8641539640426635, "tumor_core": 0.8531435527801514}