{"ED": 0.8422968673706055, "ET": 0.8408640894889832, "N-NE": 0.878044373512268, "mean": 0.853735125541687, "whole_tumor": 0.8836318683624268, "tumor_core": 0.8587431936264038}