{"ED": 0.695564546755382, "ET": 0.7753475246921419, "N-NE": 0.8045687240267557, "mean": 0.7584936197787996, "whole_tumor": 0.7449668442446088, "tumor_core": 0.787444456702187}