{"ED": 0.7977195663452148, "ET": 0.8207879071235656, "N-NE": 0.8456231784820557, "mean": 0.8213769044876099, "whole_tumor": 0.8444829444885253, "tumor_core": 0.8382753548622132}