{"ED": 0.7876702556610108, "ET": 0.8206765146255494, "N-NE": 0.8610957508087158, "mean": 0.8231475262641906, "whole_tumor": 0.8373446907997132, "tumor_core": 0.8439505219459533}