{"ED": 0.8299883275032044, "ET": 0.8364494667053223, "N-NE": 0.8752147340774536, "mean": 0.8472175254821778, "whole_tumor": 0.8706474108695984, "tumor_core": 0.8469709224700928}