{"ED": 0.8314662737846374, "ET": 0.8381755990982056, "N-NE": 0.8610660648345947, "mean": 0.8435693387985229, "whole_tumor": 0.8755103454589844, "tumor_core": 0.8529939756393433}