{"ED": 0.8244007406234741, "ET": 0.8393102889060974, "N-NE": 0.8734084210395813, "mean": 0.8457065024375916, "whole_tumor": 0.8676524305343628, "tumor_core": 0.8576048126220703}