{"ED": 0.7588203101158142, "ET": 0.8186826758384704, "N-NE": 0.8688208270072937, "mean": 0.8154412937164307, "whole_tumor": 0.8041393618583679, "tumor_core": 0.8396044464111329}