{"ED": 0.8092508454322815, "ET": 0.8358287110328674, "N-NE": 0.866235324382782, "mean": 0.8371049780845642, "whole_tumor": 0.8552589273452759, "tumor_core": 0.8553276329040528}