{"ED": 0.8170887326437329, "ET": 0.8231750329335531, "N-NE": 0.8496104374764457, "mean": 0.8299580817184751, "whole_tumor": 0.8632691015326788, "tumor_core": 0.8389249453468929}