{"ED": 0.8243064432144165, "ET": 0.831135748386383, "N-NE": 0.8621975750923156, "mean": 0.839213276386261, "whole_tumor": 0.8670801434516907, "tumor_core": 0.844687539100647}