{"ED": 0.8490687875747681, "ET": 0.8476842298507691, "N-NE": 0.8773512277603149, "mean": 0.8580347666740418, "whole_tumor": 0.8938627247810363, "tumor_core": 0.8652252979278564}