{"ED": 0.8293727302551269, "ET": 0.8376003885269165, "N-NE": 0.8635280990600586, "mean": 0.8435004277229309, "whole_tumor": 0.8758063492774963, "tumor_core": 0.8542227582931519}