{"ED": 0.8453840885162354, "ET": 0.8444145665168762, "N-NE": 0.8720950675010681, "mean": 0.8539645943641663, "whole_tumor": 0.8892855129241943, "tumor_core": 0.8560813918113709}