{"ED": 0.8327265739440918, "ET": 0.8440065851211548, "N-NE": 0.8674223766326904, "mean": 0.8480518693923951, "whole_tumor": 0.8824326133728028, "tumor_core": 0.8635531864166259}