{"ED": 0.8005909905433655, "ET": 0.8345449638366699, "N-NE": 0.8675955238342286, "mean": 0.8342438416481018, "whole_tumor": 0.8418234071731567, "tumor_core": 0.8518727283477783}