{"ED": 0.787752914428711, "ET": 0.8272947034835816, "N-NE": 0.8676622323989868, "mean": 0.8275699725151062, "whole_tumor": 0.8339450664520264, "tumor_core": 0.8434276995658875}