{"ED": 0.8273489260673523, "ET": 0.8410803160667419, "N-NE": 0.8752331190109253, "mean": 0.8478874673843384, "whole_tumor": 0.8709189991950989, "tumor_core": 0.8609084014892578}