{"ED": 0.8237623314857483, "ET": 0.8289594564437867, "N-NE": 0.8482409400939941, "mean": 0.8336542649269104, "whole_tumor": 0.8662552514076233, "tumor_core": 0.8388479127883911}