{"ED": 0.724002366065979, "ET": 0.7733354754447938, "N-NE": 0.7977421617507935, "mean": 0.765026686668396, "whole_tumor": 0.7602599873542786, "tumor_core": 0.765529013633728}