{"ED": 0.8297182922363281, "ET": 0.8396830859184266, "N-NE": 0.8732024745941163, "mean": 0.8475346388816833, "whole_tumor": 0.8714444208145141, "tumor_core": 0.8575110664367676}