{"ED": 0.8338836741447448, "ET": 0.8395160083770752, "N-NE": 0.8672809891700745, "mean": 0.8468935775756836, "whole_tumor": 0.8766233921051025, "tumor_core": 0.8528750486373902}