{"ED": 0.8299964524450756, "ET": 0.8376651217067053, "N-NE": 0.8624956839614444, "mean": 0.8433857720995707, "whole_tumor": 0.8799994351371886, "tumor_core": 0.855698780881034}