{"ED": 0.7849317240336585, "ET": 0.8161688234124865, "N-NE": 0.8591344725518, "mean": 0.8200783587637401, "whole_tumor": 0.8348573228669545, "tumor_core": 0.8343977322654118}