{"ED": 0.7588684773445129, "ET": 0.7957425527572631, "N-NE": 0.8446756753921508, "mean": 0.7997622599601746, "whole_tumor": 0.7982801728248596, "tumor_core": 0.8135452995300293}