{"ED": 0.7933109407424926, "ET": 0.8313560032844544, "N-NE": 0.8620044770240783, "mean": 0.8288904929161072, "whole_tumor": 0.8387850623130798, "tumor_core": 0.8508738956451416}