{"ED": 0.8083444581031799, "ET": 0.8364935760498047, "N-NE": 0.8727714548110962, "mean": 0.8392031865119934, "whole_tumor": 0.8525428171157837, "tumor_core": 0.845718448638916}