{"ED": 0.8388686909675598, "ET": 0.8368391890525818, "N-NE": 0.8575191035270691, "mean": 0.8444090137481689, "whole_tumor": 0.8806441006660461, "tumor_core": 0.849271556854248}