{"ED": 0.8085250244254157, "ET": 0.8249784637065161, "N-NE": 0.8626592807353489, "mean": 0.8320542720575181, "whole_tumor": 0.8543532325161828, "tumor_core": 0.8367106720568642}