{"ED": 0.8335292539596557, "ET": 0.8493518023490906, "N-NE": 0.8777540779113769, "mean": 0.8535450673103333, "whole_tumor": 0.8806310043334961, "tumor_core": 0.8709281883239746}