{"ED": 0.8121657991409301, "ET": 0.8313421878814697, "N-NE": 0.8671249122619629, "mean": 0.8368776550292969, "whole_tumor": 0.8614390587806702, "tumor_core": 0.8485546064376831}