{"ED": 0.8460607614517212, "ET": 0.8421739192008972, "N-NE": 0.8663216094970703, "mean": 0.8515187826156616, "whole_tumor": 0.8899063115119934, "tumor_core": 0.8578517622947693}