{"ED": 0.8392597661018372, "ET": 0.8365524706840515, "N-NE": 0.8626039943695069, "mean": 0.8461387605667114, "whole_tumor": 0.8819645681381225, "tumor_core": 0.8501613802909851}