{"ED": 0.7429943971633911, "ET": 0.8108895668983459, "N-NE": 0.8333816418647766, "mean": 0.7957552213668824, "whole_tumor": 0.7866596636772156, "tumor_core": 0.8165546035766602}