{"ED": 0.8417879166603088, "ET": 0.8432241368293762, "N-NE": 0.8750063519477844, "mean": 0.8533394899368286, "whole_tumor": 0.8862183318138123, "tumor_core": 0.8573732538223267}