{"ED": 0.8320829005241394, "ET": 0.8359194431304932, "N-NE": 0.8636376714706421, "mean": 0.8438800258636474, "whole_tumor": 0.8720815005302429, "tumor_core": 0.8467033910751343}