{"ED": 0.826328980922699, "ET": 0.8319236540794372, "N-NE": 0.8605222549438477, "mean": 0.8395916543006897, "whole_tumor": 0.869574200630188, "tumor_core": 0.8435625095367432}