{"ED": 0.8109950804710389, "ET": 0.8342782750129699, "N-NE": 0.8709260530471802, "mean": 0.8387331562042236, "whole_tumor": 0.8545981802940369, "tumor_core": 0.8469548149108886}