{"ED": 0.8323192830085755, "ET": 0.8447023434638977, "N-NE": 0.8671445488929749, "mean": 0.8480554070472718, "whole_tumor": 0.8760906534194947, "tumor_core": 0.8601017055511475}