{"ED": 0.8361650440427992, "ET": 0.8390362518174308, "N-NE": 0.8649668641506679, "mean": 0.8467227428678482, "whole_tumor": 0.8821120905497718, "tumor_core": 0.8553174336751302}