{"ED": 0.46290202617645265, "ET": 0.5564921760559082, "N-NE": 0.5500857372283936, "mean": 0.5231599953174592, "whole_tumor": 0.4629726133346558, "tumor_core": 0.5093288462162018}