{"ED": 0.8216823744773865, "ET": 0.835010639667511, "N-NE": 0.8734826622009277, "mean": 0.8433919115066528, "whole_tumor": 0.8632691655158996, "tumor_core": 0.8500845060348511}