{"ED": 0.8254494302802615, "ET": 0.8267353536590697, "N-NE": 0.8507687411611042, "mean": 0.8343178582569909, "whole_tumor": 0.8709712212993985, "tumor_core": 0.8386753324478392}