{"ED": 0.7702462171751355, "ET": 0.8081351930186862, "N-NE": 0.8540275323958624, "mean": 0.8108029989969163, "whole_tumor": 0.821526353794431, "tumor_core": 0.8295504242654831}