{"ED": 0.6339122166633606, "ET": 0.6450550022125244, "N-NE": 0.668082332611084, "mean": 0.649016538143158, "whole_tumor": 0.6705713739395142, "tumor_core": 0.6238444938659667}