{"ED": 0.8193958344913664, "ET": 0.8280139735766819, "N-NE": 0.8605847850678459, "mean": 0.8359982134803893, "whole_tumor": 0.8634763918225727, "tumor_core": 0.8352335346123528}