{"ED": 0.5404167267538252, "ET": 0.606671394809844, "N-NE": 0.5782587570803506, "mean": 0.5751156478174149, "whole_tumor": 0.589494223159457, "tumor_core": 0.5729915894686229}