{"ED": 0.7803227167129516, "ET": 0.814428081035614, "N-NE": 0.850129855632782, "mean": 0.8149602360725403, "whole_tumor": 0.8223592596054077, "tumor_core": 0.8280210952758789}