{"epochs": 25, "train_loss": [0.6396679228056452, 0.4907167225540755, 0.4729308662657252, 0.4635399872076488, 0.4570197461251013, 0.45282660290866555, 0.4481627931019027, 0.44463092171979285, 0.441141925469606, 0.43851981465212125, 0.4329848814153386, 0.43226276115029155, 0.42909827185962013, 0.4265090542401144, 0.4255335950208995, 0.4249054115570472, 0.42251879321838803, 0.4202289588437109, 0.41931252832898125, 0.4164808529341768, 0.41530189887730184, 0.41454906068638175, 0.4135932599950931], "valid_loss": [0.5118714003562927, 0.47763979983329774, 0.4681164002418518, 0.4623624477386475, 0.45671335339546204, 0.4521496098041534, 0.44948347806930544, 0.447920793056488, 0.44468841004371645, 0.44311486649513243, 0.44145223140716555, 0.44067544770240785, 0.4396544237136841, 0.44035492730140685, 0.43842354106903075, 0.43972304654121397, 0.43870675373077395, 0.43719285941123964, 0.4381221854686737, 0.43711751866340637, 0.43637238240242004, 0.4349504928588867, 0.4381512863636017]}