{"epochs": 25, "train_loss": [0.6185625177657533, 0.49444547319364646, 0.4735161498516144, 0.4625295093078575, 0.4566019394559537, 0.4505255744604769, 0.4475274134181931, 0.4438041611583885, 0.4393886045781438, 0.43719981625646415, 0.43480518632782195, 0.4318606879658804, 0.42815987275032225, 0.4270232961087408, 0.4230611646722653, 0.4215637389533296, 0.41898655427430204, 0.4180798441350103, 0.41609533062714066, 0.4147277422055989, 0.41320056312098474, 0.41262425265150393, 0.4111350063911217], "valid_loss": [0.514046326637268, 0.4803684296607971, 0.46547359704971314, 0.45774901604652407, 0.45497723054885864, 0.4494504532814026, 0.44602949857711793, 0.4437315790653229, 0.4397241790294647, 0.44433439564704896, 0.4412440524101257, 0.43659687662124635, 0.4363316240310669, 0.439776864528656, 0.4354093647003174, 0.43313356971740724, 0.435002090215683, 0.43275566601753235, 0.43171344375610354, 0.43089613151550293, 0.43339774012565613, 0.43123406934738157, 0.43515612435340884]}