{"epochs": 25, "train_loss": [0.5784370019435883, 0.47886308294534685, 0.46446178483963013, 0.45798014307022095, 0.4541793620586395, 0.4487968357205391, 0.4449926378130913, 0.44101715141534803, 0.4375537108182907, 0.43497852462530134, 0.43184523344039916, 0.42817422503232955, 0.42444897133111953, 0.42413168025016784, 0.42158306020498276, 0.4191248989701271, 0.4182459860444069, 0.4166099544763565, 0.4158458895087242, 0.4138772477507591], "valid_loss": [0.4968922407854171, 0.47033688615238856, 0.46280492416449953, 0.4568879907093351, 0.45358167825237156, 0.45249740022515494, 0.45010010472365786, 0.4501086265321762, 0.4443369481771711, 0.44288133415910935, 0.4466129354541264, 0.4406766300163572, 0.44080821412896354, 0.44281847680371905, 0.439097367581867, 0.4390191492580232, 0.4380397579026601, 0.43776431466851917, 0.43859701118771993, 0.4407242884238561]}