{"epochs": 25, "train_loss": [0.666692727102253, 0.5031581788124915, 0.4759540004049708, 0.465180246653909, 0.4579311872789722, 0.4517514705657959, 0.4462506784174495, 0.44279487862320477, 0.4399451672317025, 0.4360793108592728, 0.4333660148099035, 0.42880704005559284, 0.42842805909063525, 0.4257870469383613, 0.424075658568841, 0.42195303562634484, 0.4204593954566948, 0.41966495239092205], "valid_loss": [0.5284163122177123, 0.48351706576347353, 0.466717027425766, 0.45863620400428773, 0.4527210309505463, 0.4495978262424469, 0.44581345391273497, 0.44270432472229004, 0.4404968583583832, 0.4402684049606323, 0.44356334948539733, 0.4405282757282257, 0.4375722448825836, 0.43729976725578307, 0.43664824533462526, 0.4376917903423309, 0.4361551516056061, 0.4373394265174866]}