{"ED": 0.8362546720504761, "ET": 0.8529829497337341, "N-NE": 0.8718266315460205, "mean": 0.853688102722168, "whole_tumor": 0.876645097732544, "tumor_core": 0.870117591381073}