{"ED": 0.834780725479126, "ET": 0.8491349196434022, "N-NE": 0.8745649347305298, "mean": 0.8528268885612488, "whole_tumor": 0.8754621262550354, "tumor_core": 0.8707433614730835}