{"ED": 0.8180057158470154, "ET": 0.8345577044486999, "N-NE": 0.8588184518814087, "mean": 0.8371273036003113, "whole_tumor": 0.86585005235672, "tumor_core": 0.857267716884613}