{"ED": 0.838473002910614, "ET": 0.8480401835441589, "N-NE": 0.8752664685249328, "mean": 0.8539265704154968, "whole_tumor": 0.8793489646911621, "tumor_core": 0.8686299772262573}