{"ED": 0.8411701760292053, "ET": 0.8430206742286682, "N-NE": 0.8661885523796081, "mean": 0.8501264867782593, "whole_tumor": 0.8837294096946716, "tumor_core": 0.8628012638092041}