{"ED": 0.8008218626976014, "ET": 0.79449245595932, "N-NE": 0.8434857769012452, "mean": 0.812933385848999, "whole_tumor": 0.8390442109107972, "tumor_core": 0.7963947243690491}