{"ED": 0.8374884858131408, "ET": 0.8253670496940613, "N-NE": 0.8658842325210572, "mean": 0.8429132761955261, "whole_tumor": 0.8797396416664124, "tumor_core": 0.8509271006584167}