{"ED": 0.8023068366050721, "ET": 0.8112331523895263, "N-NE": 0.8510341005325317, "mean": 0.8215247168540954, "whole_tumor": 0.8499855003356933, "tumor_core": 0.8342991285324096}