{"ED": 0.5726890821456909, "ET": 0.7702739281654358, "N-NE": 0.7318315291404724, "mean": 0.6915981988906861, "whole_tumor": 0.5826556866168976, "tumor_core": 0.6894393808841706}