{"ED": 0.8322248630523682, "ET": 0.8359893498420715, "N-NE": 0.8656737308502197, "mean": 0.844629331111908, "whole_tumor": 0.8748108944892883, "tumor_core": 0.8581088404655457}