{"ED": 0.8224395184516907, "ET": 0.8307924003601074, "N-NE": 0.8704666566848754, "mean": 0.8412328805923462, "whole_tumor": 0.8606492590904236, "tumor_core": 0.8472515997886658}