{"ED": 0.818222354888916, "ET": 0.835021339893341, "N-NE": 0.8670696105957031, "mean": 0.8401044569015503, "whole_tumor": 0.8687186861038207, "tumor_core": 0.8624165844917298}