{"ED": 0.82139874792099, "ET": 0.8271817355155945, "N-NE": 0.8628218088150025, "mean": 0.8371341228485107, "whole_tumor": 0.8720943055152893, "tumor_core": 0.85583278465271}