{"ED": 0.7861607866287231, "ET": 0.8164104104042054, "N-NE": 0.8580433263778686, "mean": 0.8202048654556274, "whole_tumor": 0.8311942496299743, "tumor_core": 0.8355285892486572}