{"ED": 0.8088700280189515, "ET": 0.8199614353179931, "N-NE": 0.8510811715126038, "mean": 0.8266375679969787, "whole_tumor": 0.8538025965690613, "tumor_core": 0.8345443205833435}