{"ED": 0.8447603397369384, "ET": 0.8581604418754578, "N-NE": 0.8766401643753052, "mean": 0.8598536720275879, "whole_tumor": 0.8816029810905457, "tumor_core": 0.8723065409660339}