{"ED": 0.8054685220718384, "ET": 0.833736876487732, "N-NE": 0.8614960107803344, "mean": 0.8335671553611755, "whole_tumor": 0.853594135761261, "tumor_core": 0.8591736378669739}