{"ED": 0.8054166378974914, "ET": 0.8148117046356201, "N-NE": 0.854112841129303, "mean": 0.824780415058136, "whole_tumor": 0.8555132689476013, "tumor_core": 0.8369884896278381}