{"ED": 0.7915300769805909, "ET": 0.8123415360450744, "N-NE": 0.837301477432251, "mean": 0.8137243838310242, "whole_tumor": 0.8407477917671203, "tumor_core": 0.8305840749740601}