{"ED": 0.781183488368988, "ET": 0.8011294174194336, "N-NE": 0.8400444784164429, "mean": 0.8074524822235107, "whole_tumor": 0.8258822293281555, "tumor_core": 0.8209278168678283}