{"ED": 0.8279685125350952, "ET": 0.8371290655136109, "N-NE": 0.8676027541160584, "mean": 0.8442334666252136, "whole_tumor": 0.8709629030227661, "tumor_core": 0.8606010427474976}