{"ED": 0.7873177423477172, "ET": 0.8190584816932678, "N-NE": 0.850588318824768, "mean": 0.8189882040023804, "whole_tumor": 0.8283231830596924, "tumor_core": 0.8268620057106018}