{"ED": 0.8028769354820251, "ET": 0.8290641622543335, "N-NE": 0.8634795746803283, "mean": 0.8318069128990173, "whole_tumor": 0.845877872467041, "tumor_core": 0.8517467293739319}