{"ED": 0.8299709959030152, "ET": 0.8485105805397034, "N-NE": 0.876676263809204, "mean": 0.8517192969322205, "whole_tumor": 0.8678411393165588, "tumor_core": 0.8652410397529602}