{"ED": 0.8008621416091919, "ET": 0.8244277367591858, "N-NE": 0.869562668800354, "mean": 0.8316175336837769, "whole_tumor": 0.8409890999794006, "tumor_core": 0.8425411491394043}