{"ED": 0.8267007613182068, "ET": 0.8244557328224182, "N-NE": 0.8637327513694764, "mean": 0.838296438217163, "whole_tumor": 0.8824409694671631, "tumor_core": 0.8569001493453979}