{"ED": 0.8465944819450378, "ET": 0.8484639554023743, "N-NE": 0.8735854554176331, "mean": 0.8562146458625793, "whole_tumor": 0.8894582242965698, "tumor_core": 0.8691590776443482}