{"ED": 0.673358696937561, "ET": 0.6990167369842529, "N-NE": 0.7815918555259704, "mean": 0.7179891171455384, "whole_tumor": 0.7032202906608581, "tumor_core": 0.6756774168014527}