{"ED": 0.8271314382553101, "ET": 0.8327282214164734, "N-NE": 0.8579467935562134, "mean": 0.839268841266632, "whole_tumor": 0.8724376859664917, "tumor_core": 0.8575143322944642}