{"ED": 0.7807954039573669, "ET": 0.8278836364746094, "N-NE": 0.8508164191246033, "mean": 0.819831838130951, "whole_tumor": 0.8251848297119141, "tumor_core": 0.8404781656265259}