{"ED": 0.838921100139618, "ET": 0.8225143337249756, "N-NE": 0.8587551231384277, "mean": 0.8400635437965394, "whole_tumor": 0.8801358957290649, "tumor_core": 0.8468434524536133}