{"ED": 0.8156735763549805, "ET": 0.84251913022995, "N-NE": 0.8736950964927673, "mean": 0.8439626202583314, "whole_tumor": 0.8586646914482117, "tumor_core": 0.8647241525650025}