{"ED": 0.8051980271339416, "ET": 0.8338145132064819, "N-NE": 0.8718973369598388, "mean": 0.8369699783325195, "whole_tumor": 0.8444518265724182, "tumor_core": 0.8501147584915161}