{"ED": 0.753795569896698, "ET": 0.825345422744751, "N-NE": 0.8569956245422363, "mean": 0.8120455594062805, "whole_tumor": 0.7999087858200074, "tumor_core": 0.8448011560440063}