{"ED": 0.8284396257400513, "ET": 0.8451882481575013, "N-NE": 0.867010235786438, "mean": 0.8468793902397156, "whole_tumor": 0.8676722836494446, "tumor_core": 0.8587500548362732}