{"ED": 0.7989171395301818, "ET": 0.8357419281005859, "N-NE": 0.8546411890983582, "mean": 0.8297667717933654, "whole_tumor": 0.8444160485267639, "tumor_core": 0.8527399559020996}