{"ED": 0.8117263779640198, "ET": 0.8148071045875549, "N-NE": 0.8636722946166993, "mean": 0.8300686120986939, "whole_tumor": 0.8529392666816712, "tumor_core": 0.8326762666702271}