{"ED": 0.8333823561668396, "ET": 0.84664967918396, "N-NE": 0.8707764382362366, "mean": 0.850269506931305, "whole_tumor": 0.8716927900314331, "tumor_core": 0.8636282334327697}