{"ED": 0.8297344536781311, "ET": 0.8407709908485412, "N-NE": 0.8646556587219238, "mean": 0.8450537171363831, "whole_tumor": 0.8688907203674316, "tumor_core": 0.8537811856269837}