{"ED": 0.8203249416351318, "ET": 0.824693811416626, "N-NE": 0.8519083137512207, "mean": 0.832309042930603, "whole_tumor": 0.8740399203300476, "tumor_core": 0.8547503867149353}