{"ED": 0.8193156609535217, "ET": 0.8405782628059387, "N-NE": 0.8657105212211609, "mean": 0.8418681712150574, "whole_tumor": 0.8592501215934754, "tumor_core": 0.8540803852081299}