{"ED": 0.847364857673645, "ET": 0.8243268418312073, "N-NE": 0.8560626492500305, "mean": 0.8425848031044006, "whole_tumor": 0.8848037996292114, "tumor_core": 0.8405344724655152}