{"ED": 0.6500791187286377, "ET": 0.7021694507598877, "N-NE": 0.836393177986145, "mean": 0.729547266960144, "whole_tumor": 0.6801755797863006, "tumor_core": 0.6947121095657348}