{"ED": 0.8495838837623596, "ET": 0.8336523427963257, "N-NE": 0.8656048030853272, "mean": 0.8496136965751648, "whole_tumor": 0.8910086359977722, "tumor_core": 0.8566833338737487}