{"ED": 0.7959695081710816, "ET": 0.8341936259269714, "N-NE": 0.8591563696861267, "mean": 0.8297731866836547, "whole_tumor": 0.8399850125312806, "tumor_core": 0.8539403042793274}