{"ED": 0.7990458693504333, "ET": 0.8034526329040528, "N-NE": 0.844416666507721, "mean": 0.8156384091377258, "whole_tumor": 0.8455329313278198, "tumor_core": 0.8282427082061767}