{"ED": 0.7531161770820618, "ET": 0.7268232374191285, "N-NE": 0.7864187045097351, "mean": 0.7554527277946472, "whole_tumor": 0.7737085666656495, "tumor_core": 0.7259029502868652}