{"ED": 0.8022731366157532, "ET": 0.8011116833686829, "N-NE": 0.8465716261863708, "mean": 0.816652160167694, "whole_tumor": 0.8468211760520935, "tumor_core": 0.8226510920524597}