{"ED": 0.8234224481582642, "ET": 0.8166155843734741, "N-NE": 0.860786153793335, "mean": 0.833608078956604, "whole_tumor": 0.8650117063522339, "tumor_core": 0.83502232837677}