{"ED": 0.8290311908721923, "ET": 0.8267231259346008, "N-NE": 0.8598538146018982, "mean": 0.8385360651016235, "whole_tumor": 0.8741789541244507, "tumor_core": 0.8532506456375122}