{"ED": 0.8100775089263916, "ET": 0.8216575040817261, "N-NE": 0.8560029773712158, "mean": 0.8292460179328919, "whole_tumor": 0.8515523571968079, "tumor_core": 0.8311540999412537}