{"ED": 0.8456696805953979, "ET": 0.8403868608474732, "N-NE": 0.8732740473747254, "mean": 0.8531102156639099, "whole_tumor": 0.8867600693702697, "tumor_core": 0.8635411310195923}