{"ED": 0.8108269958496094, "ET": 0.8189828753471374, "N-NE": 0.8618927850723267, "mean": 0.8305675716400146, "whole_tumor": 0.8524084720611572, "tumor_core": 0.8324248795509338}