{"ED": 0.8304014472961426, "ET": 0.84979749917984, "N-NE": 0.8741235904693604, "mean": 0.8514408655166626, "whole_tumor": 0.8716853904724121, "tumor_core": 0.8701689920425415}