{"ED": 0.7683830795288086, "ET": 0.742261787891388, "N-NE": 0.8214073429107666, "mean": 0.7773507566452026, "whole_tumor": 0.8097141170501709, "tumor_core": 0.7419914646148682}