{"ED": 0.8338651704788208, "ET": 0.8366265783309936, "N-NE": 0.8693694515228272, "mean": 0.8466204209327698, "whole_tumor": 0.8774008536338807, "tumor_core": 0.857427960395813}