{"ED": 0.8284611372947693, "ET": 0.8141795473098755, "N-NE": 0.8570950956344604, "mean": 0.8332452802658081, "whole_tumor": 0.8664124889373779, "tumor_core": 0.8359985847473145}