{"ED": 0.8349215860366821, "ET": 0.8372794127464295, "N-NE": 0.8650412788391113, "mean": 0.8457474484443664, "whole_tumor": 0.878220368862152, "tumor_core": 0.8569087872505188}