{"epochs": 25, "train_loss": [0.6195920752194113, 0.48794664320593584, 0.46778168417736443, 0.45851315388422526, 0.45312207389972403, 0.4491417026686335, 0.4466240009266935, 0.44511845345030765, 0.44201014028813784, 0.43920914338020506, 0.4365724303765211, 0.4360111475347759, 0.4320932740936736, 0.42959331674966034, 0.428000672789153, 0.42562733087948934, 0.42260245607046787, 0.4209117678825013, 0.41956625929373703, 0.41811136315444747, 0.41620906467685204], "valid_loss": [0.5143518364429474, 0.471817024230957, 0.46059116649627685, 0.4540824682712555, 0.452308385848999, 0.44737070393562317, 0.45140689396858213, 0.44334594464302063, 0.4422796585559845, 0.4397874948978424, 0.4433412017822266, 0.43669920778274535, 0.4356749932765961, 0.4370558581352234, 0.43394519448280333, 0.43256585359573363, 0.43099781346321103, 0.4313798246383667, 0.43252768731117247, 0.4304971492290497, 0.4325178654193878]}