{"epochs": 25, "train_loss": [0.5861948013543606, 0.4747536428674252, 0.46001861409512823, 0.454280829655672, 0.45147036952886754, 0.4483622808061436, 0.44557628089082457, 0.44292347796424897, 0.4399404259261019, 0.43810164059945444, 0.4359472478459219, 0.43303372694584663, 0.4298202457304248, 0.42780306483219244, 0.42425652416404375, 0.4224089348982432, 0.4204750103269984, 0.4197238839553026, 0.4168146224673875, 0.4171465841714969, 0.4138095986819315], "valid_loss": [0.4918122880458832, 0.46653290939331055, 0.4566382248401642, 0.4517118947505951, 0.44833162713050845, 0.4478671383857727, 0.4469293360710144, 0.44300769686698915, 0.44080663919448854, 0.4415545961856842, 0.4416909191608429, 0.43878905701637266, 0.43787097907066347, 0.4361627013683319, 0.4346621947288513, 0.43383698534965515, 0.4320402672290802, 0.43429299354553225, 0.4337349750995636, 0.4334004940986633, 0.4325768024921417]}