{"epochs": 25, "train_loss": [0.5621549754799483, 0.47345395282119096, 0.4618026094284362, 0.4558309274400304, 0.4513638341379261, 0.4488902813541199, 0.44623192752192836, 0.44378641551126263, 0.44065516033096463, 0.43894507630380564, 0.43719505347653537, 0.4331761287476964, 0.43177981636005486, 0.4280596241622628, 0.42680839620188565, 0.42282386846884995, 0.42016590307810586, 0.4198545132449525, 0.4191529053651882, 0.4166196042192196, 0.41524898220679, 0.41464550837785186], "valid_loss": [0.48902629780769347, 0.4650941243171692, 0.4571826169490814, 0.45382701659202573, 0.44998986458778384, 0.4486316537857056, 0.4461002266407013, 0.4438729727268219, 0.4419915602207184, 0.43971012806892396, 0.438586669921875, 0.4359667346477509, 0.4339763150215149, 0.4345960512161255, 0.43128050446510313, 0.43273551082611084, 0.4311995632648468, 0.4296489675045013, 0.4295773992538452, 0.4319003269672394, 0.4302127676010132, 0.4300367302894592]}