{"epochs": 25, "train_loss": [0.6172877188452227, 0.4824941226703202, 0.4627146729809081, 0.4548951882921055, 0.451085450941931, 0.44872921074697836, 0.4442475314982637, 0.4418219052507968, 0.4383824963174656, 0.4378032048424323, 0.43289468739323034, 0.43038529913106605, 0.42787686472167513, 0.4251535364134821, 0.42389754406706304, 0.4221779676730523, 0.4199153744650934, 0.4187313091017291, 0.41659568616016185], "valid_loss": [0.5071481812000275, 0.46718575835227966, 0.45636055088043215, 0.4510981621742248, 0.4490183880329132, 0.4459995818138123, 0.44326198840141295, 0.44078709626197815, 0.4398790378570557, 0.4375655517578125, 0.4356986346244812, 0.43473586249351504, 0.43620437002182005, 0.43419813895225523, 0.43350319981575014, 0.4344875478744507, 0.4329442539215088, 0.4310055959224701, 0.43702969908714295]}