{"ED": 0.6242813172321471, "ET": 0.6599554807420761, "N-NE": 0.8016250403154463, "mean": 0.6952872948041038, "whole_tumor": 0.5846252521825215, "tumor_core": 0.646437816440113}