{"ED": 0.7730584897994995, "ET": 0.859935827255249, "N-NE": 0.9023879299163818, "mean": 0.8451274361610412, "whole_tumor": 0.7847062096595764, "tumor_core": 0.8576241116523743}