{"ED": 0.720011555671692, "ET": 0.856170241355896, "N-NE": 0.8921715021133423, "mean": 0.8227844457626343, "whole_tumor": 0.7409819416999817, "tumor_core": 0.8501923456192017}