{"ED": 0.7870413179397583, "ET": 0.8838937153816223, "N-NE": 0.9102330455780029, "mean": 0.8603893837928772, "whole_tumor": 0.8062770342826844, "tumor_core": 0.8824284377098084}