{"ED": 0.7824054551124573, "ET": 0.8796209902763367, "N-NE": 0.9096509037017823, "mean": 0.8572258048057556, "whole_tumor": 0.8010075259208679, "tumor_core": 0.8803385391235351}