{"ED": 0.7491803604459005, "ET": 0.8442724720826225, "N-NE": 0.8983463543275046, "mean": 0.830599749372119, "whole_tumor": 0.7643409338262346, "tumor_core": 0.8397853388672784}