{"ED": 0.8147310681343078, "ET": 0.9043823275566101, "N-NE": 0.9230183782577515, "mean": 0.8807106127738953, "whole_tumor": 0.8381666016578674, "tumor_core": 0.9057983813285828}