{"ED": 0.7203284163475037, "ET": 0.8275221543312072, "N-NE": 0.8812279334068298, "mean": 0.8096928515434265, "whole_tumor": 0.7337161736488342, "tumor_core": 0.8226724591255188}