{"ED": 0.6900832138061523, "ET": 0.7906335668563843, "N-NE": 0.8673565592765808, "mean": 0.782691134929657, "whole_tumor": 0.703801549911499, "tumor_core": 0.7876858339309692}