{"ED": 0.7811578125953674, "ET": 0.8753710064888001, "N-NE": 0.9086261682510376, "mean": 0.8550516843795777, "whole_tumor": 0.7959808931350708, "tumor_core": 0.871612711429596}