{"ED": 0.5360061985159678, "ET": 0.6092740304413296, "N-NE": 0.7621311767706795, "mean": 0.6358038215410142, "whole_tumor": 0.5153865466515223, "tumor_core": 0.5931187976920416}