{"ED": 0.7879514788824414, "ET": 0.887555487099148, "N-NE": 0.9116265499402606, "mean": 0.8623778607164111, "whole_tumor": 0.809222707909251, "tumor_core": 0.8837225415876934}