{"ED": 0.7920336576681288, "ET": 0.8851499207436092, "N-NE": 0.9099249333616287, "mean": 0.8623695207966698, "whole_tumor": 0.8109105037791389, "tumor_core": 0.879930443943493}