{"ED": 0.7860002986022404, "ET": 0.8765472500097184, "N-NE": 0.9014810841707956, "mean": 0.8546762305592733, "whole_tumor": 0.8018218385321754, "tumor_core": 0.8704483747955353}