{"ED": 0.7319149255752564, "ET": 0.8209418897628784, "N-NE": 0.8895287127494812, "mean": 0.8141285309791565, "whole_tumor": 0.7412530527114868, "tumor_core": 0.8179691200256347}