{"ED": 0.7430581966089824, "ET": 0.8472864022330632, "N-NE": 0.8842480135342431, "mean": 0.824864222416802, "whole_tumor": 0.7620275692334251, "tumor_core": 0.8418578368330759}