{"ED": 0.7314113203495268, "ET": 0.8497975894383022, "N-NE": 0.8971466698816845, "mean": 0.8261185496572464, "whole_tumor": 0.7501644534724099, "tumor_core": 0.8453842292702387}