{"ED": 0.7942954320907593, "ET": 0.882763445854187, "N-NE": 0.8992597584724427, "mean": 0.8587729024887085, "whole_tumor": 0.8091153421401978, "tumor_core": 0.8761871943473816}