{"ED": 0.7863244400024414, "ET": 0.8777806224822998, "N-NE": 0.9119110255241394, "mean": 0.8586720495224, "whole_tumor": 0.8036235380172729, "tumor_core": 0.8786821322441101}