{"ED": 0.8007980356216431, "ET": 0.8938186721801757, "N-NE": 0.9073445048332215, "mean": 0.8673204197883606, "whole_tumor": 0.8199716868400574, "tumor_core": 0.890058888912201}