{"ED": 0.5848311173915863, "ET": 0.5919922342300415, "N-NE": 0.63695219373703, "mean": 0.6045918662548065, "whole_tumor": 0.5336601881980896, "tumor_core": 0.5666215469837189}