{"ED": 0.7330733313560486, "ET": 0.8533247489929199, "N-NE": 0.875101731300354, "mean": 0.8204999561309815, "whole_tumor": 0.7515202021598816, "tumor_core": 0.842899160861969}