{"ED": 0.46947386050224305, "ET": 0.4974744789600372, "N-NE": 0.5751228106021881, "mean": 0.5140237290859222, "whole_tumor": 0.4649320387840271, "tumor_core": 0.4854573483467102}