{"ED": 0.7519506206512451, "ET": 0.8693330078125, "N-NE": 0.9094106531143189, "mean": 0.8435647854804993, "whole_tumor": 0.7726427536010743, "tumor_core": 0.8690908584594726}