{"ED": 0.7752448163032531, "ET": 0.8825079522132874, "N-NE": 0.9170464725494385, "mean": 0.8582664361000061, "whole_tumor": 0.7972834568023681, "tumor_core": 0.8815662784576416}