{"ED": 0.6993739938735962, "ET": 0.8595038681030274, "N-NE": 0.8951225414276123, "mean": 0.8180001554489136, "whole_tumor": 0.7262748875617981, "tumor_core": 0.8564112997055053}