{"ED": 0.7716702814102173, "ET": 0.8393835792541504, "N-NE": 0.8921773586273193, "mean": 0.8344104285240174, "whole_tumor": 0.7725260663032532, "tumor_core": 0.8379749827384949}