{"ED": 0.6898110971450806, "ET": 0.7921391820907593, "N-NE": 0.8663498854637146, "mean": 0.7827667417526245, "whole_tumor": 0.7057786774635315, "tumor_core": 0.7841766104698181}