{"ED": 0.6809203181266784, "ET": 0.7792237868309021, "N-NE": 0.7994887318611145, "mean": 0.7532109661102295, "whole_tumor": 0.7048776974678039, "tumor_core": 0.7540795693397522}