{"ED": 0.7568331704139709, "ET": 0.8173053121566772, "N-NE": 0.886353000164032, "mean": 0.8201638479232788, "whole_tumor": 0.7592723126411438, "tumor_core": 0.8150124340057373}