{"ED": 0.8142384843826294, "ET": 0.911731411933899, "N-NE": 0.9188003301620483, "mean": 0.8815900926589966, "whole_tumor": 0.8396910753250122, "tumor_core": 0.9116877202987671}