{"ED": 0.7869571657180786, "ET": 0.8672996416091919, "N-NE": 0.9028960633277893, "mean": 0.8523843107223511, "whole_tumor": 0.8041313099861145, "tumor_core": 0.869082694530487}