{"ED": 0.8110072431564331, "ET": 0.9066306161880493, "N-NE": 0.9187139387130737, "mean": 0.8787839512825012, "whole_tumor": 0.8353416023254394, "tumor_core": 0.9059217391014099}