{"ED": 0.7294978528022766, "ET": 0.8452693042755127, "N-NE": 0.8821370573043823, "mean": 0.8189680938720703, "whole_tumor": 0.746927652835846, "tumor_core": 0.8357609100341797}