{"ED": 0.7831149773597718, "ET": 0.9007090725898743, "N-NE": 0.9204688515663147, "mean": 0.868097659111023, "whole_tumor": 0.8074880814552308, "tumor_core": 0.9011742815971374}