{"ED": 0.7221308066731408, "ET": 0.8236428948621901, "N-NE": 0.8686144176929717, "mean": 0.8047960561419291, "whole_tumor": 0.7377054819038936, "tumor_core": 0.8152784780850486}