{"ED": 0.7885236854553223, "ET": 0.8930475635528564, "N-NE": 0.9194945931434632, "mean": 0.8670219678878784, "whole_tumor": 0.8127021193504333, "tumor_core": 0.8940506672859192}