{"ED": 0.7714977278709412, "ET": 0.8566855735778809, "N-NE": 0.9020815382003784, "mean": 0.8434216380119324, "whole_tumor": 0.7862365922927856, "tumor_core": 0.8565329284667969}