{"ED": 0.5519674460887909, "ET": 0.5911584322452546, "N-NE": 0.6209888172149658, "mean": 0.5880382492542267, "whole_tumor": 0.5165853371620178, "tumor_core": 0.5577474763393402}