{"ED": 0.7913846588134765, "ET": 0.8925393261909484, "N-NE": 0.913726086139679, "mean": 0.8658833737373353, "whole_tumor": 0.8130785818099976, "tumor_core": 0.891189664363861}