{"ED": 0.7757330179214478, "ET": 0.8563647904396057, "N-NE": 0.8922816505432128, "mean": 0.8414598374366761, "whole_tumor": 0.7867659139633179, "tumor_core": 0.8530428423881531}