{"ED": 0.788358636379242, "ET": 0.8931626362800598, "N-NE": 0.917375729560852, "mean": 0.8662990212440491, "whole_tumor": 0.8113164148330688, "tumor_core": 0.8940627913475037}