{"ED": 0.6535282454490662, "ET": 0.7831975154876709, "N-NE": 0.8188429679870606, "mean": 0.751856261730194, "whole_tumor": 0.6814338002204895, "tumor_core": 0.765078185081482}