{"ED": 0.7473086478218199, "ET": 0.8489948123220413, "N-NE": 0.8805966897616311, "mean": 0.8256334061660464, "whole_tumor": 0.760379363620092, "tumor_core": 0.8401383568370153}