{"ED": 0.7510591993331909, "ET": 0.8611508984565734, "N-NE": 0.8678724431991577, "mean": 0.8266941990852356, "whole_tumor": 0.7696178765296936, "tumor_core": 0.8456776299476624}