{"ED": 0.6934432635307312, "ET": 0.8118326749801635, "N-NE": 0.8553326253890992, "mean": 0.7868695378303527, "whole_tumor": 0.713712628364563, "tumor_core": 0.8042355513572693}