{"ED": 0.7267491159439087, "ET": 0.8511266369819641, "N-NE": 0.8805572628974915, "mean": 0.8194776949882507, "whole_tumor": 0.7456529216766358, "tumor_core": 0.8454695615768433}