{"ED": 0.6951899657249451, "ET": 0.8267455205917359, "N-NE": 0.8625180578231811, "mean": 0.7948178658485413, "whole_tumor": 0.7119405531883239, "tumor_core": 0.8130822510719299}