{"ED": 0.750083767414093, "ET": 0.842286187171936, "N-NE": 0.8949444184303283, "mean": 0.8291048073768615, "whole_tumor": 0.7638069324493408, "tumor_core": 0.8409089388847351}