{"ED": 0.6698458719821203, "ET": 0.7743976565580519, "N-NE": 0.8369495211139558, "mean": 0.7603977062399425, "whole_tumor": 0.693117785548407, "tumor_core": 0.7657291955418057}