{"ED": 0.7989621953964233, "ET": 0.8867673177719116, "N-NE": 0.9085473418235779, "mean": 0.8647589678764344, "whole_tumor": 0.8146673855781555, "tumor_core": 0.8850683517456055}