{"ED": 0.797470820328546, "ET": 0.8830081475159478, "N-NE": 0.9095157879212546, "mean": 0.8633316059907278, "whole_tumor": 0.8148139041094553, "tumor_core": 0.8777026605038416}