{"ED": 0.7931631774902344, "ET": 0.8668303046226501, "N-NE": 0.9069651865959167, "mean": 0.8556529088020325, "whole_tumor": 0.8057384915351867, "tumor_core": 0.8671511573791504}