{"ED": 0.7836712466345893, "ET": 0.8867916706062499, "N-NE": 0.9103304523797262, "mean": 0.8602644801139832, "whole_tumor": 0.8036842812148352, "tumor_core": 0.8810475811598792}