{"ED": 0.7697170712645092, "ET": 0.8631844179970878, "N-NE": 0.8908804489506615, "mean": 0.8412606631006513, "whole_tumor": 0.7831917111835782, "tumor_core": 0.8543884181787097}