{"ED": 0.7745430135726928, "ET": 0.8768229522705078, "N-NE": 0.9108565855026245, "mean": 0.8540742039680481, "whole_tumor": 0.7971310262680054, "tumor_core": 0.8794316143989563}