{"ED": 0.8101340594291687, "ET": 0.8783610992431641, "N-NE": 0.9036104249954223, "mean": 0.8640352168083191, "whole_tumor": 0.8206013307571411, "tumor_core": 0.876517352104187}