{"ED": 0.5463323626518249, "ET": 0.6023160831928254, "N-NE": 0.6092726833820343, "mean": 0.5859737296104431, "whole_tumor": 0.5585249698162079, "tumor_core": 0.5848817970752717}