{"ED": 0.7992488851547241, "ET": 0.8984696073532105, "N-NE": 0.9221340990066529, "mean": 0.8732842206954956, "whole_tumor": 0.8224236254692078, "tumor_core": 0.8986635661125183}