{"ED": 0.7801742997169495, "ET": 0.8709110822677613, "N-NE": 0.8964396557807922, "mean": 0.8491750373840332, "whole_tumor": 0.7930088453292846, "tumor_core": 0.8617262854576111}