{"ED": 0.6633811440467835, "ET": 0.758616331577301, "N-NE": 0.7945584011077881, "mean": 0.7388519825935363, "whole_tumor": 0.6813496761322021, "tumor_core": 0.7462263860702515}