{"ED": 0.7416892132759094, "ET": 0.8729324851036072, "N-NE": 0.9111407475471497, "mean": 0.8419208388328552, "whole_tumor": 0.7670307483673096, "tumor_core": 0.873534321308136}