{"ED": 0.7298946452140808, "ET": 0.845735984325409, "N-NE": 0.883954312801361, "mean": 0.8198616690635682, "whole_tumor": 0.7472984838485718, "tumor_core": 0.8432463250160217}