{"ED": 0.7420529548137907, "ET": 0.8556264496984936, "N-NE": 0.8871869075865972, "mean": 0.8282887935638428, "whole_tumor": 0.7622750439341106, "tumor_core": 0.8485403855641683}