{"ED": 0.6343169660568238, "ET": 0.7225282301902771, "N-NE": 0.7764930896759034, "mean": 0.7111127758026123, "whole_tumor": 0.6600421862602234, "tumor_core": 0.7085782561302185}