{"ED": 0.5099260280132294, "ET": 0.5405127754211426, "N-NE": 0.6960655570030212, "mean": 0.5821681413650512, "whole_tumor": 0.4974105014801025, "tumor_core": 0.5332622425556183}