{"ED": 0.7855926399230957, "ET": 0.8659681172370911, "N-NE": 0.9043174586296081, "mean": 0.8519594254493713, "whole_tumor": 0.7969356069564819, "tumor_core": 0.863331503868103}