{"ED": 0.7851058554649353, "ET": 0.8825695309638977, "N-NE": 0.9084066019058228, "mean": 0.8586940145492554, "whole_tumor": 0.8051100659370423, "tumor_core": 0.8824136247634887}