{"ED": 0.7979394097328186, "ET": 0.8864147701263427, "N-NE": 0.9089991569519043, "mean": 0.8644511289596558, "whole_tumor": 0.815626633644104, "tumor_core": 0.886071711063385}