{"ED": 0.7953584604263305, "ET": 0.8971630969047546, "N-NE": 0.9233300518989563, "mean": 0.8719505572319031, "whole_tumor": 0.8175945692062377, "tumor_core": 0.8953191318511963}