{"ED": 0.5885581113989391, "ET": 0.6365380850103166, "N-NE": 0.6849401413448273, "mean": 0.6366787997503129, "whole_tumor": 0.6023005348822427, "tumor_core": 0.6320426461715547}