{"ED": 0.8052221536636353, "ET": 0.8969539546966553, "N-NE": 0.9196623926162719, "mean": 0.8739461908340455, "whole_tumor": 0.8252663674354553, "tumor_core": 0.8966575689315796}