{"ED": 0.7761093004355355, "ET": 0.8740527464283837, "N-NE": 0.899284060985323, "mean": 0.8498153875744532, "whole_tumor": 0.7949146836523026, "tumor_core": 0.8675044476985931}