{"ED": 0.5891061558723449, "ET": 0.6084931855201721, "N-NE": 0.6878212234973907, "mean": 0.6284735381603241, "whole_tumor": 0.5764392611980438, "tumor_core": 0.5984627120494842}