{"ED": 0.710047212600708, "ET": 0.8425330991744995, "N-NE": 0.8790149998664856, "mean": 0.8105317912101746, "whole_tumor": 0.7356162014007568, "tumor_core": 0.835794753074646}