{"ED": 0.7688835382461547, "ET": 0.8881411914825439, "N-NE": 0.9151597375869751, "mean": 0.8573948402404785, "whole_tumor": 0.7892544565200805, "tumor_core": 0.8888092002868653}