{"ED": 0.7860271329879761, "ET": 0.8886323637962341, "N-NE": 0.915588849067688, "mean": 0.8634161334037781, "whole_tumor": 0.8060233058929444, "tumor_core": 0.8883960380554199}