{"ED": 0.8118370299339295, "ET": 0.895871871471405, "N-NE": 0.9225919952392578, "mean": 0.8767669882774353, "whole_tumor": 0.8333540325164794, "tumor_core": 0.897508816242218}