{"ED": 0.7467497875766148, "ET": 0.8368262553971911, "N-NE": 0.8772616407700947, "mean": 0.8202792491231646, "whole_tumor": 0.7643322710480008, "tumor_core": 0.8319267280518062}