{"ED": 0.7881678194999695, "ET": 0.8751463913917541, "N-NE": 0.9101593089103699, "mean": 0.8578245239257812, "whole_tumor": 0.8043203392028808, "tumor_core": 0.8737959370613099}