{"ED": 0.5444997854232788, "ET": 0.6196613633632659, "N-NE": 0.6914678092002868, "mean": 0.6185430035591125, "whole_tumor": 0.5567748122215271, "tumor_core": 0.6106851570606232}