{"ED": 0.5680074460506439, "ET": 0.6052564814090728, "N-NE": 0.6602208647727966, "mean": 0.6111616172790527, "whole_tumor": 0.582189502954483, "tumor_core": 0.5991421382427216}