{"ED": 0.7626101117134094, "ET": 0.8461662364006043, "N-NE": 0.8935899467468261, "mean": 0.8341221151351929, "whole_tumor": 0.7733830447196961, "tumor_core": 0.846191891670227}