{"ED": 0.7842043799067301, "ET": 0.870955427960744, "N-NE": 0.8982361959559577, "mean": 0.8511320172794281, "whole_tumor": 0.8018408566713333, "tumor_core": 0.8663161957547778}