{"ED": 0.724188606262207, "ET": 0.8214223494529724, "N-NE": 0.8718461003303528, "mean": 0.8058190412521362, "whole_tumor": 0.7371662125587464, "tumor_core": 0.8167872266769409}