{"epochs": 25, "train_loss": [0.6194174772500992, 0.5218875091075897, 0.5100520871281624, 0.4828483627438545, 0.458507885992527, 0.4393063136935234, 0.42686369132995605, 0.42070550298690795, 0.4154243255853653, 0.4097872804999351, 0.40637567192316054, 0.4014312460422516, 0.39730898809432985, 0.3951633392572403, 0.3927613676786423, 0.38849761480093004, 0.3888739172816277, 0.3849027951955795, 0.38506513339281084, 0.381416573882103, 0.3815434178709984, 0.3794706891179085, 0.37695252150297165, 0.3741303791999817, 0.3751324033737183], "valid_loss": [0.5284281382485042, 0.5186207772247375, 0.4963203119853186, 0.47120905348232817, 0.44550722884753396, 0.43416783260920694, 0.42894114482970463, 0.42740097476376426, 0.4155771141014402, 0.4182237713109879, 0.4097548368431273, 0.40780136698768255, 0.4054968122925077, 0.4066612405909432, 0.4056705640895026, 0.4013587806432966, 0.40117032423851984, 0.39951957833199275, 0.3988097624646293, 0.3987467326815166, 0.39829422746385845, 0.3982137122324535, 0.39657534493340385, 0.39639825007272145, 0.3932344265400417]}