{"epochs": 25, "train_loss": [0.5872282892644048, 0.5195483280988986, 0.5098816390760882, 0.4887766703041252, 0.46558902018560383, 0.4468154052417435, 0.4344218369134648, 0.42578814260498016, 0.4187014154688327, 0.4122842312929873, 0.40827172203454193, 0.4048026808483634, 0.4012264835382412, 0.3981100724723763, 0.394718182122636, 0.3941633549041139, 0.39131251084590385, 0.38568543311126696, 0.38649377982297584, 0.3850881333003739, 0.3832359292550001, 0.3813752342840869, 0.3804892537122715, 0.37824431049847557, 0.3764291365822394], "valid_loss": [0.5234400639533997, 0.5160000276565552, 0.4994943652153015, 0.4845214514732361, 0.4540129256248474, 0.4416095626354217, 0.43041942739486694, 0.4244937281608582, 0.4220901758670807, 0.4193610382080078, 0.41334768080711365, 0.4114463350772858, 0.4085454339981079, 0.40764145708084104, 0.40551015067100527, 0.4036919219493866, 0.4040336766242981, 0.4020207905769348, 0.4013679702281952, 0.3987630567550659, 0.39793699502944946, 0.39924038290977476, 0.3972123634815216, 0.3958568375110626, 0.3960603091716766]}