{"epochs": 25, "train_loss": [0.6121759625252136, 0.5224448124805611, 0.5119149176898354, 0.4860270129230446, 0.4627776110838511, 0.44299211735259036, 0.42938287035671774, 0.420983814550731, 0.4157625839500846, 0.40909524586148366, 0.40398781801650147, 0.40194524423091, 0.3982519167744947, 0.3944772036370641, 0.3925301084023512, 0.3906989336727622, 0.38819127644369467, 0.3855664444540789, 0.383804358348637, 0.3842734745043718, 0.380527766224391, 0.3802898605902514, 0.3784696959747288, 0.37613576900459333, 0.375107542780821], "valid_loss": [0.5276640539169312, 0.5185694155693055, 0.49866887521743775, 0.47327137446403506, 0.4509864292144775, 0.43772254800796506, 0.4264010555744171, 0.41911711955070496, 0.41764783883094786, 0.41172684788703917, 0.4149822373390198, 0.4093933618068695, 0.4065129475593567, 0.4060487487316132, 0.3998523449897766, 0.40019870615005493, 0.39820189762115477, 0.3970624339580536, 0.39916031670570373, 0.39667101526260373, 0.39385210061073306, 0.3910362365245819, 0.3924139831066132, 0.3930341413021088, 0.39229542851448057]}