{"ED": 0.7872489776611328, "ET": 0.8492760019302368, "N-NE": 0.8706378962993622, "mean": 0.8357209808826447, "whole_tumor": 0.8088543457984925, "tumor_core": 0.8426316328048706}