{"ED": 0.827005478978157, "ET": 0.8911924650669097, "N-NE": 0.9068730099201202, "mean": 0.8750236692428589, "whole_tumor": 0.8594039030075074, "tumor_core": 0.8966875507831573}