{"ED": 0.8386935153007508, "ET": 0.90430752825737, "N-NE": 0.8978013658523559, "mean": 0.8802674884796142, "whole_tumor": 0.8684077968597412, "tumor_core": 0.9047648589611054}