{"ED": 0.8279501276016236, "ET": 0.8860824799537659, "N-NE": 0.9025889933109283, "mean": 0.8722072193622589, "whole_tumor": 0.8630055780410767, "tumor_core": 0.8925505261421204}