{"ED": 0.7903866827487945, "ET": 0.8535906088352203, "N-NE": 0.8685367202758789, "mean": 0.8375046904087067, "whole_tumor": 0.8201161761283875, "tumor_core": 0.8494524672031403}