{"ED": 0.8261730909347534, "ET": 0.8796795265674591, "N-NE": 0.889018159866333, "mean": 0.8649569456577301, "whole_tumor": 0.8589973113536835, "tumor_core": 0.8827627658843994}