{"ED": 0.8231875939369202, "ET": 0.889455531835556, "N-NE": 0.8973249051570892, "mean": 0.8699893629550934, "whole_tumor": 0.8543755080699921, "tumor_core": 0.8925259582996369}