{"ED": 0.8086791687011718, "ET": 0.8528455190658569, "N-NE": 0.8700947792530059, "mean": 0.8438731751441956, "whole_tumor": 0.8494737536907196, "tumor_core": 0.8583797919750213}