{"ED": 0.8039593995804806, "ET": 0.8494323900496342, "N-NE": 0.8663685271939433, "mean": 0.8399201272968277, "whole_tumor": 0.8374880685274344, "tumor_core": 0.8457633005195405}