{"ED": 0.7569063048362732, "ET": 0.8444218337535858, "N-NE": 0.86984375, "mean": 0.8237239828109741, "whole_tumor": 0.7551944465637207, "tumor_core": 0.8346992235183716}