{"ED": 0.8093490927219391, "ET": 0.8516263496875763, "N-NE": 0.8697034964561462, "mean": 0.8435596640110016, "whole_tumor": 0.8478118634223938, "tumor_core": 0.8588076915740966}