{"ED": 0.7943074674606323, "ET": 0.8324594774246216, "N-NE": 0.8624502034187317, "mean": 0.8297390739917755, "whole_tumor": 0.8227015542984009, "tumor_core": 0.8317934627532959}