{"ED": 0.8084733400686803, "ET": 0.8888455947556818, "N-NE": 0.8820174846991125, "mean": 0.859778832154445, "whole_tumor": 0.8454214044776096, "tumor_core": 0.8913277720075204}