{"ED": 0.7489107405521955, "ET": 0.836995766932271, "N-NE": 0.8630789342629482, "mean": 0.8163284984717806, "whole_tumor": 0.745862055584729, "tumor_core": 0.8285607569721115}