{"ED": 0.8217550446987152, "ET": 0.873482973575592, "N-NE": 0.868847942829132, "mean": 0.8546953399181366, "whole_tumor": 0.8579464814662934, "tumor_core": 0.8795261278152465}