{"ED": 0.5497025544643402, "ET": 0.638105266213417, "N-NE": 0.769106698513031, "mean": 0.6523048607110977, "whole_tumor": 0.5403238047361374, "tumor_core": 0.6211181489229203}