{"ED": 0.7952497682571411, "ET": 0.8470136342048645, "N-NE": 0.8597273287773133, "mean": 0.8339969310760498, "whole_tumor": 0.827387927532196, "tumor_core": 0.8451035506725312}