{"ED": 0.8188820878267288, "ET": 0.8847248187065124, "N-NE": 0.8983360252380371, "mean": 0.8673143327236176, "whole_tumor": 0.8545258429050445, "tumor_core": 0.889576586484909}