{"ED": 0.806961207750784, "ET": 0.8836229431676674, "N-NE": 0.8953900778911028, "mean": 0.8619914285215249, "whole_tumor": 0.8436604631374557, "tumor_core": 0.8870570270188776}