{"ED": 0.7725023188591004, "ET": 0.8459355137348175, "N-NE": 0.8678589534759521, "mean": 0.828765615940094, "whole_tumor": 0.7923585000038147, "tumor_core": 0.8406711883544922}