{"ED": 0.8309641296863556, "ET": 0.8921282665729523, "N-NE": 0.8961844589710236, "mean": 0.873092303276062, "whole_tumor": 0.8657058093547821, "tumor_core": 0.8966366286277772}