{"ED": 0.8255242354869843, "ET": 0.8830568373203278, "N-NE": 0.884281676530838, "mean": 0.8642876048088074, "whole_tumor": 0.8617484078407288, "tumor_core": 0.8910280871391296}