{"ED": 0.8024997103214264, "ET": 0.8538029742240906, "N-NE": 0.8596574251651764, "mean": 0.8386533923149109, "whole_tumor": 0.8383529572486877, "tumor_core": 0.8543453025817871}