{"ED": 0.7869827394485474, "ET": 0.8475270969867706, "N-NE": 0.8702135069370269, "mean": 0.8349078016281128, "whole_tumor": 0.8127201352119445, "tumor_core": 0.8455455231666565}