{"ED": 0.8296704394408906, "ET": 0.8986919823870716, "N-NE": 0.8954494510038915, "mean": 0.8746039815158008, "whole_tumor": 0.8642979705951128, "tumor_core": 0.8972589872272841}