{"ED": 0.8271244659423828, "ET": 0.904448616027832, "N-NE": 0.9016476473808288, "mean": 0.8777402644157409, "whole_tumor": 0.8615321655273438, "tumor_core": 0.9054946291446686}