{"ED": 0.8064960580897996, "ET": 0.8507189365972085, "N-NE": 0.8640890909856059, "mean": 0.8404347141425448, "whole_tumor": 0.8420784295317661, "tumor_core": 0.8460912744837453}