{"ED": 0.5217738056182861, "ET": 0.6123169881105422, "N-NE": 0.6725440120697022, "mean": 0.602211620926857, "whole_tumor": 0.5109362803697586, "tumor_core": 0.5812847093343735}