{"ED": 0.8363278064727783, "ET": 0.9108382785320281, "N-NE": 0.9042643303871155, "mean": 0.883810161113739, "whole_tumor": 0.8728568458557129, "tumor_core": 0.9172849442958831}