{"ED": 0.8002424480915069, "ET": 0.8451471853256226, "N-NE": 0.8646527562141418, "mean": 0.8366808190345764, "whole_tumor": 0.8404778339862824, "tumor_core": 0.8520867631435395}