{"ED": 0.8290962743094243, "ET": 0.8981024922127743, "N-NE": 0.9012694111858232, "mean": 0.8761560819538466, "whole_tumor": 0.8607346878583688, "tumor_core": 0.8997502393456569}