{"ED": 0.8360041453838348, "ET": 0.8986540055274963, "N-NE": 0.9054560434818267, "mean": 0.8800380852222442, "whole_tumor": 0.8698881752490998, "tumor_core": 0.9061238205432892}