{"ED": 0.8344606928141468, "ET": 0.9066103549592524, "N-NE": 0.9076487215391669, "mean": 0.8829066088475079, "whole_tumor": 0.8683342629694843, "tumor_core": 0.9110752925929795}