{"ED": 0.8184117362499237, "ET": 0.8590922293663025, "N-NE": 0.8708137850761414, "mean": 0.849439269065857, "whole_tumor": 0.8544732522964478, "tumor_core": 0.8640179655551911}