{"ED": 0.7947944400310516, "ET": 0.8434008183479309, "N-NE": 0.8654992218017579, "mean": 0.8345648460388183, "whole_tumor": 0.8205178937911988, "tumor_core": 0.8419536781311036}