{"ED": 0.8323651401996612, "ET": 0.8913272454738617, "N-NE": 0.8913490424156189, "mean": 0.8716804957389832, "whole_tumor": 0.8711325297355652, "tumor_core": 0.8979750757217407}