{"ED": 0.8140249342918396, "ET": 0.8631418864727021, "N-NE": 0.8745910732746124, "mean": 0.8505859789848328, "whole_tumor": 0.855422708272934, "tumor_core": 0.8713585093021393}