{"ED": 0.8003046450614929, "ET": 0.8680570747852325, "N-NE": 0.8736181006431579, "mean": 0.8473266263008118, "whole_tumor": 0.8295034571886063, "tumor_core": 0.8690582242012024}