{"ED": 0.7485372331512876, "ET": 0.8370268924302788, "N-NE": 0.8630789342629482, "mean": 0.8162143714874389, "whole_tumor": 0.7454889248091862, "tumor_core": 0.8285918824701195}