{"ED": 0.8304483588948193, "ET": 0.8983207822320946, "N-NE": 0.8938901989583475, "mean": 0.8742197987092919, "whole_tumor": 0.8678337767779589, "tumor_core": 0.901341671962662}