{"ED": 0.8023218474388123, "ET": 0.8744872567653657, "N-NE": 0.8869621300697327, "mean": 0.854590428352356, "whole_tumor": 0.8392638599872589, "tumor_core": 0.8793727502822876}