{"ED": 0.8259076950550079, "ET": 0.8917121808528901, "N-NE": 0.895916250705719, "mean": 0.8711787254810334, "whole_tumor": 0.8623899443149566, "tumor_core": 0.899700787782669}