{"ED": 0.8277027628421784, "ET": 0.8983545958995819, "N-NE": 0.8934722151756287, "mean": 0.8731765444278717, "whole_tumor": 0.8609634904861451, "tumor_core": 0.8988605382442474}