{"ED": 0.8099012650251388, "ET": 0.8542422015666962, "N-NE": 0.8683275666236877, "mean": 0.8441570286750794, "whole_tumor": 0.8477792820930481, "tumor_core": 0.8583441138267517}