{"ED": 0.8267887942790985, "ET": 0.8896875507831573, "N-NE": 0.9027309610843658, "mean": 0.8730691237449646, "whole_tumor": 0.8564367055892944, "tumor_core": 0.892232449054718}