{"ED": 0.6270291903018952, "ET": 0.5454252136945724, "N-NE": 0.7873614211082458, "mean": 0.6532719612121582, "whole_tumor": 0.518097089767456, "tumor_core": 0.539717497587204}