{"ED": 0.8374033756256104, "ET": 0.8869822409152984, "N-NE": 0.8934298083782196, "mean": 0.872605164527893, "whole_tumor": 0.870302588224411, "tumor_core": 0.8940961191654205}