{"ED": 0.8216027301621152, "ET": 0.9048115957780664, "N-NE": 0.8987138848380739, "mean": 0.8750427543404568, "whole_tumor": 0.8563424080491541, "tumor_core": 0.9052564948203554}