{"ED": 0.7523682967600119, "ET": 0.8517946289829998, "N-NE": 0.8630659810575356, "mean": 0.8224096595053654, "whole_tumor": 0.7737723038016088, "tumor_core": 0.8435151303906839}