{"ED": 0.8172939837691319, "ET": 0.8761861034598484, "N-NE": 0.8784119009496681, "mean": 0.8572973499735038, "whole_tumor": 0.8584829013186147, "tumor_core": 0.8849979933514538}