{"ED": 0.8273150718212128, "ET": 0.8891698350906372, "N-NE": 0.8916772191524506, "mean": 0.8693873968124389, "whole_tumor": 0.8677923097610474, "tumor_core": 0.8957870855331421}