{"ED": 0.8291792366504669, "ET": 0.8668287672996521, "N-NE": 0.8818037285804748, "mean": 0.8592705953121186, "whole_tumor": 0.8629334919452667, "tumor_core": 0.8713852145671844}