{"ED": 0.8308218412399292, "ET": 0.8949733781814575, "N-NE": 0.9028270637989044, "mean": 0.8762074456214904, "whole_tumor": 0.8676053941249847, "tumor_core": 0.9088400733470917}