{"ED": 0.7461715637450199, "ET": 0.834521223586869, "N-NE": 0.860402141434263, "mean": 0.8136983304859633, "whole_tumor": 0.7442157327891346, "tumor_core": 0.8243713469144358}