{"ED": 0.7603026801347732, "ET": 0.847575947523117, "N-NE": 0.8674792160987854, "mean": 0.8251193001270294, "whole_tumor": 0.784311774969101, "tumor_core": 0.8424108424186707}