{"ED": 0.8135826618547933, "ET": 0.8951772002584906, "N-NE": 0.8880309711889441, "mean": 0.8655969645397597, "whole_tumor": 0.8521453849822876, "tumor_core": 0.8995767639452718}