{"ED": 0.8140505088567733, "ET": 0.8704645113945008, "N-NE": 0.8671686644554139, "mean": 0.8505612494945526, "whole_tumor": 0.8498603918552399, "tumor_core": 0.876022575378418}