{"ED": 0.8090742814588356, "ET": 0.8688478526841121, "N-NE": 0.8780958334288275, "mean": 0.852006009850369, "whole_tumor": 0.844503238856555, "tumor_core": 0.867711769869603}