{"ED": 0.8335340187549591, "ET": 0.9031025938987732, "N-NE": 0.9085807936191559, "mean": 0.8817391555309295, "whole_tumor": 0.8673208718299865, "tumor_core": 0.908775267124176}