{"ED": 0.8393730325698853, "ET": 0.9111035101413727, "N-NE": 0.9131687376499176, "mean": 0.8878817813396453, "whole_tumor": 0.8731023602485657, "tumor_core": 0.9195256085395813}