{"ED": 0.8103782171010971, "ET": 0.8753776259422302, "N-NE": 0.884521094083786, "mean": 0.856759001493454, "whole_tumor": 0.8437120699882508, "tumor_core": 0.8794604065418243}