{"ED": 0.8313802781105042, "ET": 0.8865522553920746, "N-NE": 0.8982569446563721, "mean": 0.8720631792545318, "whole_tumor": 0.8682953658103942, "tumor_core": 0.8966945238113403}