{"ED": 0.8443315784931182, "ET": 0.9125847017765045, "N-NE": 0.9105016860961914, "mean": 0.8891393370628357, "whole_tumor": 0.8776149168014526, "tumor_core": 0.918886638879776}