{"ED": 0.8166795872449875, "ET": 0.8863846080303193, "N-NE": 0.8859049243927002, "mean": 0.8629897298812866, "whole_tumor": 0.8519464232921601, "tumor_core": 0.8874384582042694}