{"ED": 0.8351678218841553, "ET": 0.8828423759937286, "N-NE": 0.8925032634735107, "mean": 0.8701711733341218, "whole_tumor": 0.8706175265312195, "tumor_core": 0.8913365571498871}