{"ED": 0.8026893647068525, "ET": 0.8488209223842241, "N-NE": 0.8703465003416357, "mean": 0.8406189511496708, "whole_tumor": 0.8363662853658912, "tumor_core": 0.8446352317988635}