{"ED": 0.832265362739563, "ET": 0.895516208410263, "N-NE": 0.9006387569904327, "mean": 0.8761401290893555, "whole_tumor": 0.8678216571807862, "tumor_core": 0.9027271025180816}