{"ED": 0.8203772094249725, "ET": 0.8934163024425507, "N-NE": 0.9029816963672638, "mean": 0.8722584207057953, "whole_tumor": 0.8533605773448945, "tumor_core": 0.8951243743896484}