{"ED": 0.518595888201459, "ET": 0.6125672701820434, "N-NE": 0.7676680007303853, "mean": 0.6329437370794228, "whole_tumor": 0.5072960720594186, "tumor_core": 0.6003489766225397}