{"ED": 0.83505592918396, "ET": 0.9011149368286133, "N-NE": 0.9023731441497803, "mean": 0.8795146901607513, "whole_tumor": 0.8656177060604096, "tumor_core": 0.9017086608409881}