{"ED": 0.8094432852268219, "ET": 0.8756636464595795, "N-NE": 0.8785530622005463, "mean": 0.8545533525943756, "whole_tumor": 0.8512466650009155, "tumor_core": 0.8865087118148803}