{"ED": 0.8196877925395966, "ET": 0.8797545759677887, "N-NE": 0.8849845080375671, "mean": 0.8614756445884705, "whole_tumor": 0.8635892765522003, "tumor_core": 0.891310127735138}