{"ED": 0.8225366415977478, "ET": 0.8719836254119873, "N-NE": 0.8814677894115448, "mean": 0.8586627042293549, "whole_tumor": 0.8583195779323578, "tumor_core": 0.8777146344184875}