{"ED": 0.8192595674991607, "ET": 0.8794519007205963, "N-NE": 0.8768347673416138, "mean": 0.858515430688858, "whole_tumor": 0.8593807923793793, "tumor_core": 0.8898966569900513}