{"ED": 0.837547117471695, "ET": 0.9016232016086578, "N-NE": 0.9047933893203736, "mean": 0.8813212535381317, "whole_tumor": 0.8733254179954529, "tumor_core": 0.9102553172111512}