{"ED": 0.8290166584144075, "ET": 0.8999821189865173, "N-NE": 0.901250832346806, "mean": 0.8767498888342504, "whole_tumor": 0.8636092251515484, "tumor_core": 0.9068863384752159}