{"ED": 0.8153166947364807, "ET": 0.8651673696041107, "N-NE": 0.8733230237960815, "mean": 0.8512690505981445, "whole_tumor": 0.8532810525894166, "tumor_core": 0.8637239546775818}