{"ED": 0.75653125, "ET": 0.8395317652225495, "N-NE": 0.87015625, "mean": 0.8220731086730957, "whole_tumor": 0.7541564180850983, "tumor_core": 0.8336566309928894}