{"ED": 0.8342665486335754, "ET": 0.8999176256656647, "N-NE": 0.9059599945545197, "mean": 0.8800480787754059, "whole_tumor": 0.8718803753852844, "tumor_core": 0.9140345170497894}