{"ED": 0.5747328412532806, "ET": 0.5694377878904343, "N-NE": 0.76856844830513, "mean": 0.6375797114372254, "whole_tumor": 0.5282223899364471, "tumor_core": 0.5601508997678757}