{"ED": 0.8173969464302063, "ET": 0.879887311220169, "N-NE": 0.8710954465866089, "mean": 0.8561265888214111, "whole_tumor": 0.854343267917633, "tumor_core": 0.8873633835315704}