{"ED": 0.8306364984512329, "ET": 0.9066728656291961, "N-NE": 0.904701342344284, "mean": 0.8806702570915222, "whole_tumor": 0.8642324547767639, "tumor_core": 0.909343115568161}