{"ED": 0.7794426658153534, "ET": 0.8437000060081482, "N-NE": 0.8679077229499816, "mean": 0.8303501510620117, "whole_tumor": 0.8035731527805329, "tumor_core": 0.8367271792888641}