{"ED": 0.8214001635313034, "ET": 0.8906936361789703, "N-NE": 0.9015366296768188, "mean": 0.8712101683616639, "whole_tumor": 0.8595495691299438, "tumor_core": 0.8961383526325226}