{"ED": 0.8035511863231659, "ET": 0.8538107416629791, "N-NE": 0.8689035816192627, "mean": 0.8420885212421417, "whole_tumor": 0.8388624150753021, "tumor_core": 0.8529418659210205}