{"ED": 0.790133035515409, "ET": 0.8482396989704604, "N-NE": 0.8635056838096375, "mean": 0.833959493029165, "whole_tumor": 0.8190868931462565, "tumor_core": 0.8413807042091491}