{"ED": 0.7565625, "ET": 0.839875, "N-NE": 0.8701875, "mean": 0.8222083535194397, "whole_tumor": 0.754375, "tumor_core": 0.83403125}