{"ED": 0.8053501956016419, "ET": 0.8538709729316225, "N-NE": 0.8623314345500384, "mean": 0.8405175555749719, "whole_tumor": 0.8399260431171889, "tumor_core": 0.8482206717905295}