{"ED": 0.7584896686077118, "ET": 0.8473780891895294, "N-NE": 0.8707491207122803, "mean": 0.8255389792919159, "whole_tumor": 0.7719775817394257, "tumor_core": 0.8433345284461975}