{"ED": 0.828149901918206, "ET": 0.9040585487962244, "N-NE": 0.8983786091861496, "mean": 0.8768623713478149, "whole_tumor": 0.8614618253422923, "tumor_core": 0.9092526264874584}