{"ED": 0.8184734882111568, "ET": 0.88285315345483, "N-NE": 0.8817686718773556, "mean": 0.8610317937406411, "whole_tumor": 0.8555273242680675, "tumor_core": 0.8845608203534586}