{"ED": 0.8281741560217869, "ET": 0.8908911544488246, "N-NE": 0.8954500354143727, "mean": 0.8715051329468351, "whole_tumor": 0.86322900641012, "tumor_core": 0.8903839635659024}