{"ED": 0.8308260825872421, "ET": 0.9085446722507476, "N-NE": 0.9105176532268524, "mean": 0.8832961578369141, "whole_tumor": 0.8666408607959747, "tumor_core": 0.9178913185596466}