{"ED": 0.8089289987087249, "ET": 0.8576948568820953, "N-NE": 0.8702107074260712, "mean": 0.8456115407943725, "whole_tumor": 0.8456308898925782, "tumor_core": 0.8629790301322937}