{"ED": 0.778007137298584, "ET": 0.8416976792812347, "N-NE": 0.8601497623920441, "mean": 0.8266182141304016, "whole_tumor": 0.8146010324954986, "tumor_core": 0.8458135559558868}