{"ED": 0.8257217898368835, "ET": 0.8963700132369995, "N-NE": 0.9024909293651581, "mean": 0.8748609318733215, "whole_tumor": 0.8603282101154327, "tumor_core": 0.9032109673023224}