{"ED": 0.8079148106575013, "ET": 0.8540683529376983, "N-NE": 0.870562421798706, "mean": 0.8441818826198578, "whole_tumor": 0.8381946053504944, "tumor_core": 0.8539539921283722}