{"ED": 0.8113140090703964, "ET": 0.8902514719963074, "N-NE": 0.8895362992286682, "mean": 0.8637006118297577, "whole_tumor": 0.849370837688446, "tumor_core": 0.8983316822052002}