{"ED": 0.8175909320116043, "ET": 0.8779207103252411, "N-NE": 0.8856906406879425, "mean": 0.8604007799625397, "whole_tumor": 0.8548810188770294, "tumor_core": 0.8863209254741669}