{"ED": 0.8286351020336151, "ET": 0.9008185389041901, "N-NE": 0.9033918993473053, "mean": 0.8776151976585388, "whole_tumor": 0.8640576066970825, "tumor_core": 0.9040739290714264}