{"ED": 0.814457935333252, "ET": 0.8575204319953919, "N-NE": 0.8788564808368683, "mean": 0.8502783033847808, "whole_tumor": 0.848990611076355, "tumor_core": 0.8645533821582794}