{"ED": 0.8315371234416962, "ET": 0.8995924897193909, "N-NE": 0.8988033044338226, "mean": 0.8766443266868591, "whole_tumor": 0.868013596534729, "tumor_core": 0.9148786563873291}