{"ED": 0.7829182649038703, "ET": 0.8357873950821469, "N-NE": 0.8596696321707797, "mean": 0.8261251147999706, "whole_tumor": 0.8174137853056311, "tumor_core": 0.8267822265625}