{"ED": 0.8185818115472794, "ET": 0.8871250584125518, "N-NE": 0.892010537147522, "mean": 0.8659058260917664, "whole_tumor": 0.8558705270290374, "tumor_core": 0.8935424003601075}