{"ED": 0.564512992978096, "ET": 0.561152364730835, "N-NE": 0.6336843950748443, "mean": 0.5864499356746674, "whole_tumor": 0.5086894992589951, "tumor_core": 0.5306128228902817}