{"ED": 0.8235659447324228, "ET": 0.8871033671367691, "N-NE": 0.8851203507636173, "mean": 0.8652632416956928, "whole_tumor": 0.8586124575945485, "tumor_core": 0.8868058549455438}