{"ED": 0.8052177384080165, "ET": 0.855673320502399, "N-NE": 0.8632588970708657, "mean": 0.8413833386869545, "whole_tumor": 0.844395607828619, "tumor_core": 0.8603242023057671}