{"ED": 0.7553565759658813, "ET": 0.8648865327835084, "N-NE": 0.8629704096317291, "mean": 0.827737856388092, "whole_tumor": 0.7971340048313141, "tumor_core": 0.8612707924842834}