{"ED": 0.8271721909046174, "ET": 0.887297560930252, "N-NE": 0.8971195874214173, "mean": 0.8705298001766205, "whole_tumor": 0.8670975804328919, "tumor_core": 0.892350998878479}