{"ED": 0.8471637227535248, "ET": 0.9114562828540802, "N-NE": 0.9068309237957001, "mean": 0.8884836609363556, "whole_tumor": 0.8762574443817138, "tumor_core": 0.9152479441165924}