{"ED": 0.7950654046535492, "ET": 0.8600800101757049, "N-NE": 0.8777649343013764, "mean": 0.8443034691810608, "whole_tumor": 0.821195961713791, "tumor_core": 0.8613632340431213}