{"ED": 0.8131730777025222, "ET": 0.8810460023880005, "N-NE": 0.8832373566627503, "mean": 0.8591521680355072, "whole_tumor": 0.8465419209003449, "tumor_core": 0.8807294852733613}