{"ED": 0.8343096697330474, "ET": 0.8934385457038879, "N-NE": 0.9006452002525329, "mean": 0.876131157875061, "whole_tumor": 0.8680350182056427, "tumor_core": 0.9012852897644043}