{"ED": 0.754129655122757, "ET": 0.8439928727149963, "N-NE": 0.869708240032196, "mean": 0.8226102769374848, "whole_tumor": 0.7699637801647187, "tumor_core": 0.8333990631103516}