{"ED": 0.7972691659927368, "ET": 0.8484528975486756, "N-NE": 0.867095576286316, "mean": 0.8376058940887451, "whole_tumor": 0.8342597064971924, "tumor_core": 0.8548547446727752}