{"ED": 0.8094128548386562, "ET": 0.8678973993932109, "N-NE": 0.8683840641937408, "mean": 0.8485647914894073, "whole_tumor": 0.8488714970440504, "tumor_core": 0.8748970264457612}