{"ED": 0.8279517157077789, "ET": 0.8998515706062317, "N-NE": 0.9005140194892883, "mean": 0.8761057879924774, "whole_tumor": 0.8659723649024963, "tumor_core": 0.9075056972503662}