{"ED": 0.8393545835018158, "ET": 0.9065429022312165, "N-NE": 0.9034364655017852, "mean": 0.8831113336086274, "whole_tumor": 0.870508085489273, "tumor_core": 0.9127891564369202}