{"ED": 0.8211383147239685, "ET": 0.900377537727356, "N-NE": 0.904769553899765, "mean": 0.87542848777771, "whole_tumor": 0.8535531928539276, "tumor_core": 0.9026470775604248}