{"ED": 0.8270432903766632, "ET": 0.8906321551799774, "N-NE": 0.9034237236976623, "mean": 0.8736997408866882, "whole_tumor": 0.8629873132705689, "tumor_core": 0.9012622051239013}