{"ED": 0.7748391721248626, "ET": 0.8249753007888794, "N-NE": 0.8609645924568177, "mean": 0.8202597100734711, "whole_tumor": 0.8121589393615722, "tumor_core": 0.8246267964839935}