{"ED": 0.8311624289508834, "ET": 0.9048897619266434, "N-NE": 0.898479492065916, "mean": 0.8781772493366227, "whole_tumor": 0.8626680020317138, "tumor_core": 0.9051205964677362}