{"ED": 0.8302210884094239, "ET": 0.8831238307952881, "N-NE": 0.8884207894802093, "mean": 0.8672552559375762, "whole_tumor": 0.8638261561393737, "tumor_core": 0.8913462388515473}