{"ED": 0.8285564908981323, "ET": 0.89200967502594, "N-NE": 0.8987584886550903, "mean": 0.8731082351207733, "whole_tumor": 0.8633716146945953, "tumor_core": 0.8979890370368957}