{"ED": 0.8470429937839508, "ET": 0.911318130493164, "N-NE": 0.906522420167923, "mean": 0.888294534444809, "whole_tumor": 0.8764235360622405, "tumor_core": 0.9139126918315887}