{"ED": 0.8130469481945037, "ET": 0.8425115456581116, "N-NE": 0.8642024836540222, "mean": 0.8399203441143036, "whole_tumor": 0.8554552299976349, "tumor_core": 0.8429119112491608}