{"ED": 0.83450843334198, "ET": 0.9017336580753327, "N-NE": 0.8969488844871522, "mean": 0.8777303450107574, "whole_tumor": 0.8725929827690124, "tumor_core": 0.9049692831039429}