{"ED": 0.8220632882118225, "ET": 0.879000156879425, "N-NE": 0.877781438112259, "mean": 0.8596149806976319, "whole_tumor": 0.8565975599288941, "tumor_core": 0.8853358068466186}