{"ED": 0.7523125, "ET": 0.83909375, "N-NE": 0.8693125, "mean": 0.8202396044731141, "whole_tumor": 0.7497813022136688, "tumor_core": 0.8340625}