{"ED": 0.8256090619564056, "ET": 0.8858971924781799, "N-NE": 0.8960823678970337, "mean": 0.8691962277889251, "whole_tumor": 0.8604543168544769, "tumor_core": 0.8930955789089203}