{"ED": 0.7969387710094452, "ET": 0.8415281255245208, "N-NE": 0.8649032983779907, "mean": 0.8344567539691925, "whole_tumor": 0.842764990568161, "tumor_core": 0.8481867890357971}