{"ED": 0.75221875, "ET": 0.8405625, "N-NE": 0.868125, "mean": 0.8203021047115326, "whole_tumor": 0.7506875, "tumor_core": 0.83196875}