{"ED": 0.8271731818914414, "ET": 0.8877867519855499, "N-NE": 0.8932527916431428, "mean": 0.869404260635376, "whole_tumor": 0.8698895599842071, "tumor_core": 0.8985726296901703}