{"ED": 0.832447968393683, "ET": 0.9076839096517677, "N-NE": 0.9067656647161658, "mean": 0.8822992033217533, "whole_tumor": 0.8626898833480015, "tumor_core": 0.9132359718896478}