{"ED": 0.8352647867202759, "ET": 0.8964697320461273, "N-NE": 0.8991658682823181, "mean": 0.8769668159484864, "whole_tumor": 0.8684785461425781, "tumor_core": 0.8996597685813904}