{"ED": 0.75659375, "ET": 0.8446875, "N-NE": 0.86984375, "mean": 0.8237083542346955, "whole_tumor": 0.7551875, "tumor_core": 0.83496875}