{"ED": 0.8108179450035096, "ET": 0.8814858264923096, "N-NE": 0.8826436159610749, "mean": 0.8583158161640168, "whole_tumor": 0.8469638538360595, "tumor_core": 0.8879141108989715}