{"ED": 0.8113885772228241, "ET": 0.8626277177333832, "N-NE": 0.870577214717865, "mean": 0.8481978552341461, "whole_tumor": 0.849917441368103, "tumor_core": 0.8697582371234894}