{"ED": 0.7720210412740708, "ET": 0.8452809736728668, "N-NE": 0.8692688496112824, "mean": 0.8288569743633271, "whole_tumor": 0.7864099531173706, "tumor_core": 0.8393784067630767}