{"ED": 0.8333036544322967, "ET": 0.908560109615326, "N-NE": 0.9089769868850708, "mean": 0.8836136014461518, "whole_tumor": 0.8661284496784211, "tumor_core": 0.9132261366844178}