{"ED": 0.8275577929390379, "ET": 0.8863624139610989, "N-NE": 0.8880607390783698, "mean": 0.8673269995655196, "whole_tumor": 0.8656268958076537, "tumor_core": 0.8924170772867849}