{"ED": 0.8334669704437256, "ET": 0.9064144682884216, "N-NE": 0.9070577104091644, "mean": 0.8823130717277526, "whole_tumor": 0.8702494332790375, "tumor_core": 0.9161592578887939}