{"ED": 0.8177212612628937, "ET": 0.8576540899276733, "N-NE": 0.8713678524494172, "mean": 0.8489144213199615, "whole_tumor": 0.8601287755966186, "tumor_core": 0.8610407087802887}