{"ED": 0.7744945232868194, "ET": 0.8518882548809051, "N-NE": 0.8706187143325805, "mean": 0.8323338522911071, "whole_tumor": 0.8067698793411255, "tumor_core": 0.8490898785591126}