{"ED": 0.5223284833431244, "ET": 0.6287493562698364, "N-NE": 0.6707293145656585, "mean": 0.6072690706253052, "whole_tumor": 0.5033527520895005, "tumor_core": 0.583841658949852}