{"ED": 0.7505299232006073, "ET": 0.838496609210968, "N-NE": 0.8693151941299438, "mean": 0.8194472599029541, "whole_tumor": 0.7504691417217255, "tumor_core": 0.8329945399761199}