{"ED": 0.8047937004566192, "ET": 0.853190798997879, "N-NE": 0.8707236332893371, "mean": 0.8429027318954467, "whole_tumor": 0.8365738542079926, "tumor_core": 0.8505725066661834}