{"ED": 0.8333735587596893, "ET": 0.8930627520084381, "N-NE": 0.8887311046123505, "mean": 0.8717224943637848, "whole_tumor": 0.8657574775218964, "tumor_core": 0.8978667747974396}