{"ED": 0.8180810463428497, "ET": 0.8703038318157196, "N-NE": 0.8746410503387451, "mean": 0.8543419961929322, "whole_tumor": 0.8546915698051453, "tumor_core": 0.8767879157066345}