{"ED": 0.8231516282558441, "ET": 0.8738104271888733, "N-NE": 0.8869807600975037, "mean": 0.861314290523529, "whole_tumor": 0.8641854901313781, "tumor_core": 0.8804152390956879}