{"ED": 0.7952922698259354, "ET": 0.8442567024230957, "N-NE": 0.8649700727462769, "mean": 0.8348397018909455, "whole_tumor": 0.8272148959636688, "tumor_core": 0.8411182098388672}