{"ED": 0.829072211265564, "ET": 0.883641725063324, "N-NE": 0.8972344014644623, "mean": 0.8699827966690064, "whole_tumor": 0.863521335363388, "tumor_core": 0.8884960381984711}