{"ED": 0.8006231598854064, "ET": 0.8758134076595306, "N-NE": 0.8766074297428131, "mean": 0.851014684677124, "whole_tumor": 0.8326930651664733, "tumor_core": 0.8761128172874451}