{"ED": 0.8177957521677017, "ET": 0.878105117559433, "N-NE": 0.8874504654407501, "mean": 0.861117134809494, "whole_tumor": 0.8535890583992004, "tumor_core": 0.87999596118927}