{"ED": 0.8239961035251617, "ET": 0.887911303281784, "N-NE": 0.8984666938781738, "mean": 0.8701247215270996, "whole_tumor": 0.85991335439682, "tumor_core": 0.8923498575687409}