{"ED": 0.5310613675658922, "ET": 0.6097353043784184, "N-NE": 0.7285406353226695, "mean": 0.6231124551885157, "whole_tumor": 0.5155268581027529, "tumor_core": 0.5833792804009411}