{"ED": 0.8202237429618835, "ET": 0.8680919666290283, "N-NE": 0.8732292840480804, "mean": 0.853848349571228, "whole_tumor": 0.8572120976448059, "tumor_core": 0.8771092774868011}