{"ED": 0.8285340564659393, "ET": 0.8869176252904641, "N-NE": 0.8948451147611398, "mean": 0.8700989551278224, "whole_tumor": 0.8642521146759093, "tumor_core": 0.8946383773568142}