{"ED": 0.8241061502695084, "ET": 0.8779013261795044, "N-NE": 0.8740065999031067, "mean": 0.8586713778972626, "whole_tumor": 0.8583742074966431, "tumor_core": 0.8838499417304992}