{"ED": 0.7848284016847611, "ET": 0.8662573189735413, "N-NE": 0.8772820055484771, "mean": 0.842789263010025, "whole_tumor": 0.8124138398170471, "tumor_core": 0.8689278213977814}