{"ED": 0.75234375, "ET": 0.84034375, "N-NE": 0.86815625, "mean": 0.8202812709808349, "whole_tumor": 0.7507506618499756, "tumor_core": 0.83178125}