{"ED": 0.8060361745357514, "ET": 0.835163022518158, "N-NE": 0.8568987379074097, "mean": 0.8326993274688721, "whole_tumor": 0.8498429639339447, "tumor_core": 0.8405396134853363}