{"ED": 0.7527969555854798, "ET": 0.8505038409233093, "N-NE": 0.864796709060669, "mean": 0.8226991899013519, "whole_tumor": 0.7662470121383667, "tumor_core": 0.8439084112644195}