{"ED": 0.812966768503189, "ET": 0.8876668491363525, "N-NE": 0.8909947061538697, "mean": 0.8638761279582977, "whole_tumor": 0.8484186191558838, "tumor_core": 0.8888112769126892}