{"ED": 0.8273408432006836, "ET": 0.9029147119522095, "N-NE": 0.9093402636051178, "mean": 0.8798652956485749, "whole_tumor": 0.8587623419761657, "tumor_core": 0.9084900426864624}