{"ED": 0.8067229738235474, "ET": 0.848778386592865, "N-NE": 0.8685374627113343, "mean": 0.8413462967872619, "whole_tumor": 0.8426463470458985, "tumor_core": 0.8465990455150604}