{"ED": 0.8251828761100769, "ET": 0.8961375465393067, "N-NE": 0.8933391330242157, "mean": 0.8715532035827637, "whole_tumor": 0.8578234915733337, "tumor_core": 0.8946160917282104}