{"ED": 0.8323126261234284, "ET": 0.8972780497074128, "N-NE": 0.9012671401500701, "mean": 0.8769526226520539, "whole_tumor": 0.864581179857254, "tumor_core": 0.9027915961742401}