{"ED": 0.7993765859603882, "ET": 0.8617216358184815, "N-NE": 0.8784191310405731, "mean": 0.846505803346634, "whole_tumor": 0.8263161346912384, "tumor_core": 0.8588914265632629}