{"ED": 0.7851532037258149, "ET": 0.8412977130413055, "N-NE": 0.8642328233718872, "mean": 0.8302279334068299, "whole_tumor": 0.8152263464927674, "tumor_core": 0.8362209057807922}