{"ED": 0.8240001174211502, "ET": 0.8929952204227447, "N-NE": 0.8983078660964966, "mean": 0.8717677521705628, "whole_tumor": 0.863976573228836, "tumor_core": 0.902249807357788}