{"ED": 0.7765424339771271, "ET": 0.8451755373477936, "N-NE": 0.8703455612659454, "mean": 0.830687864780426, "whole_tumor": 0.7984471988677978, "tumor_core": 0.8428108320236206}