{"ED": 0.8319186817602332, "ET": 0.904318001165808, "N-NE": 0.9010224803035478, "mean": 0.8790864080071924, "whole_tumor": 0.8630452360289981, "tumor_core": 0.9085378428379378}