{"ED": 0.7993365962505341, "ET": 0.8605179622173309, "N-NE": 0.8774836964607239, "mean": 0.8457794423103333, "whole_tumor": 0.8328317632675171, "tumor_core": 0.8582705233097077}