{"ED": 0.8103507370948791, "ET": 0.8799279737472534, "N-NE": 0.8860727834701538, "mean": 0.8587838516235352, "whole_tumor": 0.847095011472702, "tumor_core": 0.8867402687072754}