{"ED": 0.75209375, "ET": 0.8405625, "N-NE": 0.86815625, "mean": 0.8202708542346955, "whole_tumor": 0.75059375, "tumor_core": 0.832}