{"ED": 0.5325244740247727, "ET": 0.6488307552337647, "N-NE": 0.6219219135046006, "mean": 0.6010923981666565, "whole_tumor": 0.5109318369626998, "tumor_core": 0.5650065541267395}