{"ED": 0.752625, "ET": 0.84046875, "N-NE": 0.86815625, "mean": 0.820416687965393, "whole_tumor": 0.75109375, "tumor_core": 0.83190625}