{"ED": 0.7513375155925751, "ET": 0.8406234366893768, "N-NE": 0.86809375, "mean": 0.8200182549953461, "whole_tumor": 0.7516284863948822, "tumor_core": 0.8317353317737579}