{"ED": 0.8259172637462616, "ET": 0.9015782647132874, "N-NE": 0.903193468093872, "mean": 0.8768963565826416, "whole_tumor": 0.8584785461425781, "tumor_core": 0.9056987936496734}