{"ED": 0.8100741968154908, "ET": 0.8482432751655579, "N-NE": 0.8656896307468415, "mean": 0.8413357219696045, "whole_tumor": 0.8529865806102752, "tumor_core": 0.8531163172721863}