{"ED": 0.8284660369157791, "ET": 0.884952908039093, "N-NE": 0.8921617915630341, "mean": 0.8685269310474396, "whole_tumor": 0.8641543946266175, "tumor_core": 0.8916278350353241}