{"ED": 0.8302534837722778, "ET": 0.9057746913433075, "N-NE": 0.9059006564617157, "mean": 0.8806429669857025, "whole_tumor": 0.859672483921051, "tumor_core": 0.9068792805671692}