{"ED": 0.8204544007778167, "ET": 0.8877598767280579, "N-NE": 0.8882864654064179, "mean": 0.8655002672672272, "whole_tumor": 0.855667299747467, "tumor_core": 0.8923756177425385}