{"ED": 0.7559342458248138, "ET": 0.8509156105518341, "N-NE": 0.8661529650688171, "mean": 0.8243342945575715, "whole_tumor": 0.7696128468513489, "tumor_core": 0.8442001385688782}