{"ED": 0.8180841183757402, "ET": 0.8472439437748427, "N-NE": 0.8741024677971919, "mean": 0.8464768645297959, "whole_tumor": 0.8553661647070927, "tumor_core": 0.8451042132548602}