{"ED": 0.8093455939292907, "ET": 0.8693546667098999, "N-NE": 0.8760924592018128, "mean": 0.851597594499588, "whole_tumor": 0.8485489637851715, "tumor_core": 0.878060644865036}