{"ED": 0.8225143842697143, "ET": 0.9059813675880433, "N-NE": 0.9063833167552948, "mean": 0.8782930426597595, "whole_tumor": 0.8587739889621735, "tumor_core": 0.9144446952342987}