{"ED": 0.8345262203216552, "ET": 0.9044022505283356, "N-NE": 0.9012829942703247, "mean": 0.8800705132484437, "whole_tumor": 0.8726812684535981, "tumor_core": 0.9093729085922241}