{"ED": 0.8224639904499054, "ET": 0.8995052857398986, "N-NE": 0.9025708448886871, "mean": 0.8748467252254486, "whole_tumor": 0.859794071674347, "tumor_core": 0.9075555748939514}