{"ED": 0.824667158126831, "ET": 0.9073518886566162, "N-NE": 0.9024292447566986, "mean": 0.8781494529247283, "whole_tumor": 0.8573194580078125, "tumor_core": 0.9108036670684815}