{"ED": 0.8267767448349302, "ET": 0.8987765514043223, "N-NE": 0.8974161478152788, "mean": 0.8743231697861417, "whole_tumor": 0.862167977954287, "tumor_core": 0.903560152091828}