{"ED": 0.8153315845727921, "ET": 0.8707877068519593, "N-NE": 0.8912673759460449, "mean": 0.8591289074420929, "whole_tumor": 0.8530962738990784, "tumor_core": 0.8848555245399475}