{"ED": 0.8119702032804489, "ET": 0.8588316147327423, "N-NE": 0.8762355554103851, "mean": 0.849012478351593, "whole_tumor": 0.8526707670688629, "tumor_core": 0.8692803721427917}