{"ED": 0.8291333260536193, "ET": 0.8805727550983429, "N-NE": 0.8909246122837067, "mean": 0.8668769156932831, "whole_tumor": 0.864353209733963, "tumor_core": 0.8871202661991119}