{"ED": 0.8319973719120025, "ET": 0.8960852978229523, "N-NE": 0.9027368359565735, "mean": 0.8769398577213288, "whole_tumor": 0.8687535905838013, "tumor_core": 0.9029303646087646}