{"ED": 0.8372369697093963, "ET": 0.8997380838394166, "N-NE": 0.9055458440780639, "mean": 0.8808403189182281, "whole_tumor": 0.8724369864463806, "tumor_core": 0.9074182138442993}