{"ED": 0.8321610100269318, "ET": 0.9086370384693145, "N-NE": 0.9025409078598022, "mean": 0.8811130058765412, "whole_tumor": 0.8655905010700226, "tumor_core": 0.9112352659702301}