{"ED": 0.7571875, "ET": 0.8446875, "N-NE": 0.86984375, "mean": 0.8239062705039978, "whole_tumor": 0.75571875, "tumor_core": 0.83496875}