{"ED": 0.7893901488695486, "ET": 0.8451431737952974, "N-NE": 0.860351928676742, "mean": 0.8316284387235148, "whole_tumor": 0.8269526067957935, "tumor_core": 0.8459049665120494}