{"ED": 0.8372754999399186, "ET": 0.907348290681839, "N-NE": 0.9101791789531708, "mean": 0.8849343445301056, "whole_tumor": 0.8726140477657318, "tumor_core": 0.9160379860401153}