{"ED": 0.8301255807876587, "ET": 0.9020652382373809, "N-NE": 0.9074859280586243, "mean": 0.8798922684192657, "whole_tumor": 0.864488050699234, "tumor_core": 0.9099655585289002}