{"ED": 0.8153766013383865, "ET": 0.889069274187088, "N-NE": 0.8988631565570832, "mean": 0.867769695520401, "whole_tumor": 0.8464712512493133, "tumor_core": 0.8931347689628601}