{"ED": 0.8005517318248748, "ET": 0.8630986256599427, "N-NE": 0.8725360176563263, "mean": 0.8453954782485962, "whole_tumor": 0.8398951137065888, "tumor_core": 0.8663993649482727}