{"ED": 0.7987774814367294, "ET": 0.8485347638130188, "N-NE": 0.8680114243030548, "mean": 0.8384412460327149, "whole_tumor": 0.8288683984279632, "tumor_core": 0.8414964389801025}