{"ED": 0.7804649279117585, "ET": 0.8585712397098542, "N-NE": 0.8703959875106811, "mean": 0.8364774084091187, "whole_tumor": 0.8063527050018311, "tumor_core": 0.8491931877136231}