{"ED": 0.8328857653141022, "ET": 0.9013880512714386, "N-NE": 0.8944906117916107, "mean": 0.8762548263072968, "whole_tumor": 0.8622743344306946, "tumor_core": 0.9013570101261139}