{"ED": 0.6387442133426666, "ET": 0.5796805989742279, "N-NE": 0.7538771302700042, "mean": 0.6574340015649796, "whole_tumor": 0.5435354336500168, "tumor_core": 0.5696900645494462}