{"ED": 0.7894387095572939, "ET": 0.8528588787018065, "N-NE": 0.8623153598185079, "mean": 0.8348710024024386, "whole_tumor": 0.823605164588685, "tumor_core": 0.8431487031191943}