{"ED": 0.8228948049545288, "ET": 0.8734976980686188, "N-NE": 0.8838068685531616, "mean": 0.8600664780139923, "whole_tumor": 0.8620031554698944, "tumor_core": 0.8738880670070648}