{"ED": 0.8273304431438446, "ET": 0.8987992691993714, "N-NE": 0.896076511144638, "mean": 0.874068761587143, "whole_tumor": 0.8617143666744232, "tumor_core": 0.8994415519237519}