{"ED": 0.75221875, "ET": 0.8358125, "N-NE": 0.865625, "mean": 0.8178854353427887, "whole_tumor": 0.75071875, "tumor_core": 0.827375}