{"ED": 0.7568388373851777, "ET": 0.8399864420890808, "N-NE": 0.8681362965106965, "mean": 0.8216538774967194, "whole_tumor": 0.7595160479545593, "tumor_core": 0.8342531936168671}