{"ED": 0.8310157368183136, "ET": 0.9036777429580688, "N-NE": 0.8994299111366272, "mean": 0.8780411522388458, "whole_tumor": 0.8696579852104187, "tumor_core": 0.9099704794883728}