{"ED": 0.8315922926621608, "ET": 0.9037571573162458, "N-NE": 0.8957176847286908, "mean": 0.877022396045852, "whole_tumor": 0.866599911950024, "tumor_core": 0.9049488515017992}