{"ED": 0.7574375, "ET": 0.8429375, "N-NE": 0.867125, "mean": 0.8225000183582306, "whole_tumor": 0.7559375, "tumor_core": 0.830625}