{"ED": 0.8298817191465917, "ET": 0.8854879843761246, "N-NE": 0.8898443342205062, "mean": 0.8684047004616118, "whole_tumor": 0.8665803309930749, "tumor_core": 0.8906466911038554}