{"ED": 0.8271307017803192, "ET": 0.8824286954402923, "N-NE": 0.8923415868282318, "mean": 0.8673003475666046, "whole_tumor": 0.8604531016349792, "tumor_core": 0.8828132421970367}