{"ED": 0.757468807220459, "ET": 0.8430730676651002, "N-NE": 0.8671400246620178, "mean": 0.8225606513023377, "whole_tumor": 0.7560219237804413, "tumor_core": 0.8307466878890991}