{"ED": 0.8109370507001877, "ET": 0.8847068204879761, "N-NE": 0.8816442604064941, "mean": 0.8590960659980774, "whole_tumor": 0.8450089957714081, "tumor_core": 0.8882261972427368}