{"ED": 0.8249174218177795, "ET": 0.9073784289360046, "N-NE": 0.9021011939048768, "mean": 0.8781323685646057, "whole_tumor": 0.860362909078598, "tumor_core": 0.9133854722976684}