{"ED": 0.784380907535553, "ET": 0.8634416890144349, "N-NE": 0.8715067420005799, "mean": 0.8397764644622803, "whole_tumor": 0.8174728927612305, "tumor_core": 0.8670704774856567}