{"ED": 0.8473135969638824, "ET": 0.9083560564517975, "N-NE": 0.904638370513916, "mean": 0.886769359588623, "whole_tumor": 0.8767831988334656, "tumor_core": 0.9115633480548858}