{"ED": 0.7999006041288376, "ET": 0.8438573460578919, "N-NE": 0.8717484409809113, "mean": 0.838502151966095, "whole_tumor": 0.8300443906784057, "tumor_core": 0.8454365198612213}