{"ED": 0.8062219622125664, "ET": 0.8724095951988402, "N-NE": 0.8691909932995222, "mean": 0.8492742057340553, "whole_tumor": 0.841888310424835, "tumor_core": 0.8734278961481801}