{"ED": 0.8207939240932465, "ET": 0.8779023945331573, "N-NE": 0.8935009527206421, "mean": 0.8640657737255096, "whole_tumor": 0.8562663054466247, "tumor_core": 0.8844325349330903}