{"ED": 0.8420313875675202, "ET": 0.9094757268428802, "N-NE": 0.9054867823123932, "mean": 0.885664651632309, "whole_tumor": 0.876654883146286, "tumor_core": 0.9158274383544922}