{"ED": 0.8201506263706314, "ET": 0.874083978008939, "N-NE": 0.8842911850883666, "mean": 0.8595086167533085, "whole_tumor": 0.8587519445742269, "tumor_core": 0.87830078079406}