{"ED": 0.8323613400478287, "ET": 0.9091493470735283, "N-NE": 0.901660541851682, "mean": 0.8810570940553429, "whole_tumor": 0.8677127016967986, "tumor_core": 0.9137787244234427}