{"ED": 0.8018432815074921, "ET": 0.8522834360599518, "N-NE": 0.8695922210216522, "mean": 0.8412396674156188, "whole_tumor": 0.8340645127296448, "tumor_core": 0.8500543265342713}