{"ED": 0.79469713556814, "ET": 0.8415923410677815, "N-NE": 0.862384607592427, "mean": 0.8328913830191016, "whole_tumor": 0.829707482896478, "tumor_core": 0.8409766087019112}