{"ED": 0.8325589451789855, "ET": 0.908370388507843, "N-NE": 0.9122440440654754, "mean": 0.8843911428451539, "whole_tumor": 0.8668733210563659, "tumor_core": 0.9175275239944458}