{"ED": 0.8341614720355942, "ET": 0.9068977590576112, "N-NE": 0.9021179692678718, "mean": 0.8810590842805536, "whole_tumor": 0.8720231595267338, "tumor_core": 0.9145001256133456}