{"ED": 0.5885603303909301, "ET": 0.5798078596591949, "N-NE": 0.7022685778141021, "mean": 0.6235456080436707, "whole_tumor": 0.5309207972288131, "tumor_core": 0.5643999791145324}