{"ED": 0.8142397646903992, "ET": 0.8809484663009644, "N-NE": 0.875693430185318, "mean": 0.8569605741500854, "whole_tumor": 0.8513431272506714, "tumor_core": 0.8892627875804902}