{"ED": 0.8323460400104523, "ET": 0.8979029064178466, "N-NE": 0.9004554035663604, "mean": 0.8769014697074891, "whole_tumor": 0.8702240047454834, "tumor_core": 0.9029323425292969}