{"ED": 0.8187846569900968, "ET": 0.8788800211066744, "N-NE": 0.8826067913101014, "mean": 0.8600905119660366, "whole_tumor": 0.8576863514949601, "tumor_core": 0.8774919502763634}