{"ED": 0.8345597205162049, "ET": 0.9085869553089142, "N-NE": 0.9023908226490021, "mean": 0.8818458540439605, "whole_tumor": 0.8714087896347046, "tumor_core": 0.9147667191028594}