{"ED": 0.8049831438064575, "ET": 0.8426195268630982, "N-NE": 0.8682547543048859, "mean": 0.8386191620826721, "whole_tumor": 0.8391040880680084, "tumor_core": 0.8455649223327637}