{"ED": 0.75653125, "ET": 0.83996875, "N-NE": 0.8701875, "mean": 0.8222291870117188, "whole_tumor": 0.75440625, "tumor_core": 0.834125}