{"ED": 0.75221875, "ET": 0.8359375, "N-NE": 0.865625, "mean": 0.8179271020889283, "whole_tumor": 0.75084375, "tumor_core": 0.8275}