{"ED": 0.7996252325773239, "ET": 0.8516539883613586, "N-NE": 0.8679079198837281, "mean": 0.8397290663719177, "whole_tumor": 0.8286542091369629, "tumor_core": 0.8462987115383148}