{"ED": 0.7492872619058981, "ET": 0.8369422345997328, "N-NE": 0.8630324321914005, "mean": 0.8164206631630065, "whole_tumor": 0.7462461714250633, "tumor_core": 0.8285048387915015}