{"ED": 0.8336614754199981, "ET": 0.8974488196372986, "N-NE": 0.9015128417015076, "mean": 0.8775410649776458, "whole_tumor": 0.870845412492752, "tumor_core": 0.9071895987987518}