{"ED": 0.8348584937384405, "ET": 0.8976840457593303, "N-NE": 0.9071345827968947, "mean": 0.8798923945996866, "whole_tumor": 0.8707363360906503, "tumor_core": 0.902222441724572}