{"ED": 0.8137543485164642, "ET": 0.8752035026550293, "N-NE": 0.8817863509654998, "mean": 0.8569147539138794, "whole_tumor": 0.856077018737793, "tumor_core": 0.8856396548748017}