{"ED": 0.8228434600830078, "ET": 0.901079866886139, "N-NE": 0.8984788565635681, "mean": 0.874134081363678, "whole_tumor": 0.8592953281402588, "tumor_core": 0.9061183915138245}