{"ED": 0.8358354981676991, "ET": 0.9040544852317567, "N-NE": 0.9042130770436321, "mean": 0.8813677050202966, "whole_tumor": 0.8711505862346208, "tumor_core": 0.9104736152873096}