{"ED": 0.757, "ET": 0.84459375, "N-NE": 0.86984375, "mean": 0.8238125205039978, "whole_tumor": 0.75546875, "tumor_core": 0.834875}