{"ED": 0.8248988575935364, "ET": 0.8974058349132538, "N-NE": 0.8940554916858673, "mean": 0.8721200802326202, "whole_tumor": 0.8650636880397796, "tumor_core": 0.9030241718292237}