{"ED": 0.8302952096462249, "ET": 0.9059470839500428, "N-NE": 0.9055157077312469, "mean": 0.8805860211849212, "whole_tumor": 0.8658278012275695, "tumor_core": 0.9132821609973908}