{"ED": 0.8270754375457764, "ET": 0.895339560508728, "N-NE": 0.9030949409008027, "mean": 0.8751699962615966, "whole_tumor": 0.8626435644626618, "tumor_core": 0.9023654587268829}