{"ED": 0.8318741099834442, "ET": 0.8916096575260163, "N-NE": 0.8976611137390137, "mean": 0.8737149801254273, "whole_tumor": 0.8632630894184112, "tumor_core": 0.8886719505786895}