{"ED": 0.8326909894943237, "ET": 0.8943533244132995, "N-NE": 0.9029601123332978, "mean": 0.8766681635379792, "whole_tumor": 0.8681138279438019, "tumor_core": 0.9066423151493073}