{"epochs": 25, "train_loss": [0.5739116247121866, 22516.73010583167, 22255.32598261114, 22517.982865767044, 23038.349572302697, 22780.28762448489, 23208.570500788275, 23825.548417402908, 24390.39602292239, 24877.74231042395, 26696.255354020977, 28824.655264657216, 30473.38195203234, 31078.522781905594, 33222.077512331416, 35065.797321818805, 35766.71466229083, 40230.529162244005, 39344.53441675512, 43446.841227132245, 42717.15058574238, 43445.01558207418, 43835.688838505244, 46151.358785745506, 47046.829586429194], "valid_loss": [0.5156638989448548, 0.5412311651706696, 0.5241075302362442, 0.5080925101041793, 0.5172646605968475, 0.5009174045324326, 0.4910580872297287, 0.48566368651390074, 0.5023408163785934, 0.48391987597942354, 0.4820872242450714, 0.49020131945610046, 0.48314299023151397, 0.4844567828178406, 0.46929217779636384, 0.4711565954685211, 0.4678561232089996, 0.4679014559984207, 0.47385907983779907, 0.464070345044136, 0.46365206599235537, 0.45657636821269987, 0.47072689521312716, 0.46711631178855895, 0.4603335418701172]}