{"epochs": 25, "train_loss": [0.579142794072628, 21552.79486328125, 24739.863037109375, 28867.405640625, 27913.358646484376, 24797.3922421875, 21926.208212890626, 20565.521025390626, 20165.74908203125, 20304.33846484375, 20685.655708007813, 22767.236903320314, 22647.666849609373, 24503.408684570313, 25723.081697265625, 23927.089244140625, 24852.45441796875, 26940.066162109375, 26683.05723046875, 28407.360966796874, 29383.75920703125, 29044.774251953124, 31323.72485546875, 33007.73683007812, 32448.01411328125], "valid_loss": [0.521815923105673, 0.5406935974896192, 0.5389214148559418, 0.5341753218753404, 0.4993857864839622, 0.49914750931747404, 0.4988903787981466, 0.48912711934264436, 0.494001005275316, 0.485608216775841, 0.4868059579832145, 0.4761525088572407, 0.47546803701921286, 0.47049554196961846, 0.46886714485537007, 0.4841169517828649, 0.46968107798185005, 0.46723491772712467, 0.468611779559656, 0.46499082303617106, 0.4586175772773317, 0.46721213533583866, 0.4582018107769499, 0.4595055017338331, 0.4610925403486685]}