{"epochs": 25, "train_loss": [0.562395789168336, 19657.81345509959, 20780.47322794393, 19641.727708814622, 19169.18185915647, 19055.22375573645, 20314.067655976836, 20738.467541247814, 21881.3273347746, 23794.417533638236, 23639.08509947084, 23620.28782448021, 24415.564587755995, 25636.62427026099, 26413.158514337225, 26278.277980808256, 26399.37028401286, 27628.451171875, 27841.67551198801, 28304.904942713536, 29910.652856908717, 30620.346403596403, 33627.93272352647, 30345.13908552385, 29580.21705638112], "valid_loss": [0.5166072459220886, 0.5405597710609436, 0.5357876760959626, 0.5206137084960938, 0.49482919204235076, 0.4929765095710754, 0.4989142317771912, 0.4970579931735992, 0.4838944355249405, 0.4817946197986603, 0.4796894636154175, 0.4774498814344406, 0.4778878140449524, 0.48145357811450956, 0.47951683413982393, 0.47519661927223206, 0.4709016729593277, 0.47007819628715514, 0.4787983548641205, 0.46518646931648255, 0.46396948337554933, 0.46265841627120974, 0.46768143665790557, 0.4577541801929474, 0.4600047491788864]}