{"epochs": 25, "train_loss": [0.5567930407457419, 17730.647437523414, 17670.432485483267, 19245.51627669206, 19779.72178700206, 19095.413457636114, 19188.369580614697, 19329.9104245364, 20193.677160729894, 20049.438690216033, 21601.04425554914, 20931.76215483735, 21938.382413484953, 23834.0031160246, 23656.37219421204, 24094.328613769045, 23894.997402987636, 24553.686789772728, 26510.162680093345, 27072.673532522167, 30232.632045688686, 28889.30228560502, 33217.570986630555, 34874.51277433504, 32886.40649389673], "valid_loss": [0.5198385848999023, 0.5360818133354187, 0.5326017508506775, 0.5271155823469162, 0.4975774046182632, 0.49565391421318056, 0.5111594561338425, 0.4887121889591217, 0.4861318000555038, 0.49460142469406126, 0.4940204919576645, 0.48026796567440033, 0.4802997797727585, 0.48296459698677063, 0.4792912738323212, 0.4812943083047867, 0.47232966673374177, 0.46441005539894104, 0.469851877450943, 0.4675486813783646, 0.46572237849235537, 0.4614592810869217, 0.4582686703205109, 0.46421343326568604, 0.4649853296279907]}