{"epochs": 25, "train_loss": [0.5603882693052292, 19839.05810644531, 20850.685560546874, 21082.662411132813, 19436.841005859376, 19660.919369140625, 20507.33713183594, 23147.026673828124, 24356.366349609376, 26401.90965625, 26862.14239746094, 30130.361305664064, 33126.338859375, 32347.07955078125, 31642.3995078125, 40763.82951367187, 35600.35121289062, 35217.0940078125, 40445.259169921876, 39939.21586914062, 43103.3065, 43363.0720703125, 42178.178197265624, 43793.3369765625, 41082.9211015625], "valid_loss": [0.5186059774155636, 0.5413750737786768, 0.5369520396350389, 0.5200784422486902, 0.4984194827507217, 0.49959831658112575, 0.4891975495919763, 0.49153348304835925, 0.49482684710111274, 0.4891973329017837, 0.48660163219231534, 0.47889181235397005, 0.47873215858204904, 0.4799698687407125, 0.4730193642268618, 0.4745716306555319, 0.4635273430689398, 0.46506906766815487, 0.4596455009335066, 0.4686709860881486, 0.45913603046975765, 0.46080724580354426, 0.45788592895663593, 0.4607647481667568, 0.4545183080838496]}