{"epochs": 25, "train_loss": [0.5892830243358365, 27563.387137276786, 25832.888406515358, 22786.500854614136, 20080.148123361014, 19714.229619989386, 20339.853112707606, 21004.92169158966, 22335.395740002186, 24464.46971973339, 26245.25329358142, 26526.07534750406, 29532.883360779844, 32690.01342212475, 33981.860198395356, 31860.332563920456, 35618.643752731645, 34590.94414569805, 36140.02901200362, 37797.91324690934, 37469.77011660215, 37352.26340456418, 39391.13072084166, 40174.37855113636, 41607.15468515859], "valid_loss": [0.5224475119113922, 0.5381101460456849, 0.5335939443111419, 0.5141127178668976, 0.5013061742782593, 0.49440941166877744, 0.49687528693676, 0.5099918541908264, 0.49668174993991854, 0.4869666196107864, 0.49971660900115966, 0.48508070516586305, 0.48501468443870543, 0.480730572104454, 0.47998470389842984, 0.4787550895214081, 0.4747572203874588, 0.4716313556432724, 0.4787812443971634, 0.4734590348005295, 0.4655357093811035, 0.4690375977754593, 0.47088196885585787, 0.47709456300735475, 0.47688186037540437]}