{"epochs": 25, "train_loss": [0.5995336968403358, 22772.848382086664, 20822.566024795517, 21580.54720377279, 24115.25127021416, 23004.641842532466, 23400.904310533217, 22039.849230847278, 23459.855176073925, 22954.710369708417, 23494.07747038118, 24265.44304035808, 25063.458313171202, 23500.539594194866, 24101.451956246878, 25127.36946354427, 24949.252097511864, 25862.11120520105, 24785.221921633056, 25580.385762674825, 27367.42409055788, 26844.625421453547, 27902.46083116103, 27463.150300871002, 30278.972660152347], "valid_loss": [0.5156019636392594, 0.5350646774768829, 0.5354215621948242, 0.5241018419265747, 0.5037134969234467, 0.5044609842300415, 0.48692042315006256, 0.48816432964801787, 0.48965400850772856, 0.49113117218017577, 0.4829794703722, 0.4840224416255951, 0.47668169522285464, 0.47358626317977903, 0.4704491156339645, 0.4665606198310852, 0.46857172310352324, 0.4670552846193314, 0.46285124611854556, 0.4601441283226013, 0.4583796594142914, 0.4630588688850403, 0.46477425801753997, 0.4543407107591629, 0.4569494230747223]}