{"epochs": 25, "train_loss": [0.5827245582471956, 20140.060623946367, 19978.864054890422, 19187.658849939122, 17667.526144753683, 16652.34102811251, 16111.366228498064, 17558.112761262175, 18465.950585547263, 18758.854269753683, 19074.130272071678, 19436.017239596342, 19722.67613538805, 19548.328888884553, 20172.94700611888, 19651.1237327126, 19954.621424473964, 20786.80144562469, 21121.470323621692, 22285.43463665241, 22836.37384978303, 23986.340118865508, 26809.25981342876, 25609.157799232016, 26495.79979493163], "valid_loss": [0.5226192784309387, 0.5325082037448883, 0.5378968667984009, 0.5188017896413804, 0.5072321472167969, 0.4904498331546783, 0.4866613166332245, 0.49897372245788574, 0.49381956803798677, 0.4765915651321411, 0.47370275151729585, 0.4788736046552658, 0.47151371109485624, 0.46943393981456755, 0.46899531424045565, 0.46643825685977935, 0.4660039178133011, 0.47364015853405, 0.46987569630146026, 0.46848065197467803, 0.4617010349035263, 0.4566407018899918, 0.4695777034759521, 0.4568220474720001, 0.45701908791065216]}