{"epochs": 25, "train_loss": [0.5989353697854918, 23199.119958166833, 21705.865709485828, 21396.46232868694, 19442.535482096027, 18105.43541126842, 17862.379867203108, 17708.463097449425, 18305.959434120567, 20383.76928832886, 19258.55283193369, 23462.408192393545, 24293.467458322928, 26905.81142197646, 27845.20424009584, 34197.1917789242, 35465.28108024788, 38684.15654267607, 37559.83869743538, 40675.63603583916, 45921.89571756369, 44851.62098643544, 46706.80325338724, 47452.55603380994, 51375.87696678322], "valid_loss": [0.520234680891037, 0.5391965568065643, 0.5358390512466431, 0.5238080127239227, 0.5031100976467132, 0.5135850967168808, 0.49871564769744875, 0.500454480290413, 0.4881836882829666, 0.4890649476051331, 0.5008604685068131, 0.48451626765727995, 0.48032371068000795, 0.4756924910545349, 0.4798344272375107, 0.47229079496860504, 0.4688319444656372, 0.46879223716259005, 0.46129619467258454, 0.47541635239124297, 0.4622830367088318, 0.4772448012828827, 0.4557445604801178, 0.4556642552614212, 0.46273449540138245]}