{"epochs": 25, "train_loss": [0.6321973036695551, 17701.847070897853, 16653.543473128433, 17210.31528432505, 16899.672452547453, 17178.719511933377, 18906.042335594095, 21676.82580505432, 22420.468454397167, 24585.049600789836, 26790.059417145356, 27034.449064607266, 27786.658649943805, 30966.677273897978, 30490.476166411714, 32713.794035066498, 32494.84472948926, 30001.73298381306, 34519.74412306443, 35566.250197068555, 33043.94018481518, 33199.09493436251, 31090.013945039336, 31029.817932067934, 32197.219899241383], "valid_loss": [0.5222350299358368, 0.5344034824371338, 0.5322820856571198, 0.5183255928754806, 0.5068571192026138, 0.48845697808265687, 0.4876746767759323, 0.5033757880926132, 0.4877956056594849, 0.48435664558410646, 0.48110523843765257, 0.4873124017715454, 0.4785045584440231, 0.47353663289546966, 0.47494211184978485, 0.47625584769248963, 0.47053954005241394, 0.47201384270191193, 0.46298941218852996, 0.4600585854053497, 0.47237851524353025, 0.45772599720954893, 0.4560828276872635, 0.4566547671556473, 0.4693076920509338]}