{"ED": 0.8323764371871948, "ET": 0.9062056608200073, "N-NE": 0.9014579515457153, "mean": 0.8800133695602417, "whole_tumor": 0.869459867477417, "tumor_core": 0.9088066968917846}