{"ED": 0.7696826042407062, "ET": 0.8336798916774917, "N-NE": 0.8589591089472828, "mean": 0.8207738838822718, "whole_tumor": 0.7874756835371375, "tumor_core": 0.8286997699642561}