{"ED": 0.8147684798240662, "ET": 0.8481680691242218, "N-NE": 0.8670223152637482, "mean": 0.8433196425437928, "whole_tumor": 0.8500343866348267, "tumor_core": 0.8532180454730988}