{"ED": 0.7477554557323456, "ET": 0.8384190652370452, "N-NE": 0.8688753323554993, "mean": 0.8183499705791474, "whole_tumor": 0.746996369600296, "tumor_core": 0.8285981070995331}