{"ED": 0.7489530363405843, "ET": 0.8359861744352546, "N-NE": 0.8630789342629482, "mean": 0.8160060663147276, "whole_tumor": 0.7453453999116602, "tumor_core": 0.8275416863867011}