{"ED": 0.829365586400032, "ET": 0.8954457263946534, "N-NE": 0.8940643632411956, "mean": 0.8729585824012757, "whole_tumor": 0.8652238283157349, "tumor_core": 0.8999994213581085}