{"ED": 0.8096209301416617, "ET": 0.873944464195297, "N-NE": 0.8781979637316973, "mean": 0.8539211393827462, "whole_tumor": 0.8518265521383855, "tumor_core": 0.88170360212782}