{"ED": 0.8218567900657654, "ET": 0.8882286131381989, "N-NE": 0.9032346622943879, "mean": 0.8711067047119141, "whole_tumor": 0.8576309168338776, "tumor_core": 0.8920555720329285}