{"ED": 0.7734911608695983, "ET": 0.853483699798584, "N-NE": 0.8736668901443482, "mean": 0.8335472691059113, "whole_tumor": 0.7933679106235504, "tumor_core": 0.8463941469192505}