{"ED": 0.785966374874115, "ET": 0.8484512267112732, "N-NE": 0.865500492811203, "mean": 0.8333060493469239, "whole_tumor": 0.8154587261676788, "tumor_core": 0.8401055340766906}