{"ED": 0.811205052614212, "ET": 0.8492237699031829, "N-NE": 0.8656243569850922, "mean": 0.8420177488327026, "whole_tumor": 0.8517240104675293, "tumor_core": 0.8432698059082031}