{"ED": 0.752625, "ET": 0.8405625, "N-NE": 0.86815625, "mean": 0.8204479382038117, "whole_tumor": 0.75109375, "tumor_core": 0.832}