{"ED": 0.8314680359753005, "ET": 0.9058289038707535, "N-NE": 0.9052574971757562, "mean": 0.8808515003002972, "whole_tumor": 0.8672375978226681, "tumor_core": 0.9125856940014904}