{"ED": 0.75221875, "ET": 0.8360313813686371, "N-NE": 0.865625, "mean": 0.8179583959579467, "whole_tumor": 0.7509377298355102, "tumor_core": 0.8275938377380371}