{"ED": 0.8077757268312917, "ET": 0.8861081170370855, "N-NE": 0.8914343626850629, "mean": 0.8617727542778411, "whole_tumor": 0.8438095322168205, "tumor_core": 0.8888662801795747}