{"ED": 0.7983587617874146, "ET": 0.8549544963836669, "N-NE": 0.8654033765792847, "mean": 0.8395722327232361, "whole_tumor": 0.8300002946853637, "tumor_core": 0.8554669072628022}