{"ED": 0.7438640344142914, "ET": 0.8264684767723084, "N-NE": 0.865011165380478, "mean": 0.8117812442779541, "whole_tumor": 0.7730891273021698, "tumor_core": 0.8263383407592774}