{"ED": 0.8193130533695221, "ET": 0.8915051734447479, "N-NE": 0.9073210716247558, "mean": 0.8727131199836731, "whole_tumor": 0.852757560968399, "tumor_core": 0.8986874339580536}