{"ED": 0.8143084325790405, "ET": 0.8643832314014435, "N-NE": 0.8758961577415466, "mean": 0.8515292959213256, "whole_tumor": 0.8525432140827179, "tumor_core": 0.8721882448196411}