{"ED": 0.8315845556259155, "ET": 0.9020070385932922, "N-NE": 0.9041795892715454, "mean": 0.8792570750713349, "whole_tumor": 0.8654313542842865, "tumor_core": 0.9086182851791382}