{"ED": 0.5052463932037353, "ET": 0.519175840973854, "N-NE": 0.6946446449756623, "mean": 0.5730223084688186, "whole_tumor": 0.47748528504371646, "tumor_core": 0.5078264380693436}