{"ED": 0.8422251091003418, "ET": 0.9097170898914337, "N-NE": 0.9037039976119995, "mean": 0.8852154195308686, "whole_tumor": 0.8783762955665588, "tumor_core": 0.9159212327003479}