{"ED": 0.7791723879575729, "ET": 0.8335302555561066, "N-NE": 0.8675867924690247, "mean": 0.8267631680965424, "whole_tumor": 0.8085396645069123, "tumor_core": 0.8330377504825592}