{"ED": 0.8163157979330694, "ET": 0.8800480700584047, "N-NE": 0.8954348464411094, "mean": 0.8639329232542639, "whole_tumor": 0.8542224031045618, "tumor_core": 0.8833189765770597}