{"ED": 0.8226605427265167, "ET": 0.8723244903087616, "N-NE": 0.8789395203590393, "mean": 0.8579748725891113, "whole_tumor": 0.863050308227539, "tumor_core": 0.8810297300815583}