{"ED": 0.8181595983505249, "ET": 0.8812547600269318, "N-NE": 0.8776469004154205, "mean": 0.8590204410552978, "whole_tumor": 0.8517553231716156, "tumor_core": 0.8808946223258972}