{"ED": 0.8422508602142333, "ET": 0.9146486082077027, "N-NE": 0.9055849595069885, "mean": 0.887494827747345, "whole_tumor": 0.8746374461650849, "tumor_core": 0.9207934136390686}