{"ED": 0.8294032962322235, "ET": 0.8911338474750519, "N-NE": 0.891853061914444, "mean": 0.8707967557907105, "whole_tumor": 0.8646250083446503, "tumor_core": 0.8979723312854767}