{"ED": 0.8232732141017913, "ET": 0.9041274116039276, "N-NE": 0.896657658815384, "mean": 0.8746861143112182, "whole_tumor": 0.8546548624038697, "tumor_core": 0.9051412761211395}