{"ED": 0.790912865281105, "ET": 0.8524896099567413, "N-NE": 0.8725908708572387, "mean": 0.8386644673347473, "whole_tumor": 0.816946228146553, "tumor_core": 0.8459710509777069}