{"ED": 0.8092210671901703, "ET": 0.837823356628418, "N-NE": 0.8695099515914917, "mean": 0.8388514790534973, "whole_tumor": 0.8459244012832642, "tumor_core": 0.836770578622818}