{"ED": 0.8131817877292633, "ET": 0.8886213178634643, "N-NE": 0.8897459626197814, "mean": 0.8638497092723847, "whole_tumor": 0.8509569132328033, "tumor_core": 0.8898056409358979}