{"ED": 0.7987075457534942, "ET": 0.8490992829619176, "N-NE": 0.86492829018855, "mean": 0.8375783902240465, "whole_tumor": 0.8342800064390874, "tumor_core": 0.8544936108874135}