{"ED": 0.8323014569282532, "ET": 0.9085351350307465, "N-NE": 0.9033224842548371, "mean": 0.8813863830566406, "whole_tumor": 0.8705480542182923, "tumor_core": 0.912588894367218}