{"ED": 0.8422573108673096, "ET": 0.9063468308448791, "N-NE": 0.904790203332901, "mean": 0.8844648001194, "whole_tumor": 0.8755224587917327, "tumor_core": 0.910589486837387}