{"ED": 0.7886737435462465, "ET": 0.8358303895034638, "N-NE": 0.8551501363397119, "mean": 0.8265514418898351, "whole_tumor": 0.8237115386947692, "tumor_core": 0.8353560445793121}