{"ED": 0.8147613153457641, "ET": 0.8878745658397674, "N-NE": 0.8869180505275727, "mean": 0.8631846642494202, "whole_tumor": 0.8546249949932099, "tumor_core": 0.8899861598014831}