{"ED": 0.5456077677011489, "ET": 0.521041660785675, "N-NE": 0.6417269040346145, "mean": 0.5694587944746018, "whole_tumor": 0.4961757056713104, "tumor_core": 0.5128179725408554}