{"ED": 0.7735760812759399, "ET": 0.844240713596344, "N-NE": 0.8643788321018219, "mean": 0.8273985607624054, "whole_tumor": 0.7960105621814728, "tumor_core": 0.8368329169750214}