{"ED": 0.7971084842168953, "ET": 0.8379321319173532, "N-NE": 0.861234381616828, "mean": 0.8320916819857411, "whole_tumor": 0.8351040123943314, "tumor_core": 0.840806525304498}