{"ED": 0.8081389026641845, "ET": 0.8528346183300018, "N-NE": 0.8646255657672882, "mean": 0.8418663837909699, "whole_tumor": 0.8474478087425232, "tumor_core": 0.8520993645191193}