{"ED": 0.8079124534130097, "ET": 0.8761273763179779, "N-NE": 0.8792836835384369, "mean": 0.854441193819046, "whole_tumor": 0.8408016376495361, "tumor_core": 0.8780801634788513}