{"ED": 0.8291342017650605, "ET": 0.9041804018020629, "N-NE": 0.9041954083442688, "mean": 0.8791700220108032, "whole_tumor": 0.8649833235740662, "tumor_core": 0.9068182291984558}