{"ED": 0.8202260884046555, "ET": 0.8797548768520356, "N-NE": 0.8921172914505004, "mean": 0.8640327703952789, "whole_tumor": 0.8540186123847961, "tumor_core": 0.8806016356945038}