{"ED": 0.8300944747924804, "ET": 0.892732430934906, "N-NE": 0.8835322158336639, "mean": 0.8687863910198211, "whole_tumor": 0.8695963490009307, "tumor_core": 0.9019137947559357}