{"ED": 0.8272334270477295, "ET": 0.9012165923118591, "N-NE": 0.9049413301944733, "mean": 0.8777971358299256, "whole_tumor": 0.8616228148937225, "tumor_core": 0.9050836398601532}