{"ED": 0.7592028443813323, "ET": 0.8469374465942383, "N-NE": 0.8698863966464996, "mean": 0.8253422482013703, "whole_tumor": 0.7688425867557526, "tumor_core": 0.8378550605773926}