{"ED": 0.7813054082393647, "ET": 0.8480473885536194, "N-NE": 0.8654709880352021, "mean": 0.8316079461574555, "whole_tumor": 0.8094991221427917, "tumor_core": 0.8400117511749268}