{"ED": 0.8299107763767243, "ET": 0.9008314518928527, "N-NE": 0.8937463293075562, "mean": 0.8748295392990112, "whole_tumor": 0.8691469612121582, "tumor_core": 0.9083423628807068}