{"ED": 0.7491907370517928, "ET": 0.8369339281819256, "N-NE": 0.8630789342629482, "mean": 0.816401218275625, "whole_tumor": 0.7460783104972536, "tumor_core": 0.8284988251340342}