{"ED": 0.8295582499504089, "ET": 0.9003683285713195, "N-NE": 0.9013768219947815, "mean": 0.8771011545658112, "whole_tumor": 0.8667176465988159, "tumor_core": 0.9032616839408875}