{"ED": 0.8422722768783569, "ET": 0.90703795170784, "N-NE": 0.9038394742012024, "mean": 0.8843832538127899, "whole_tumor": 0.8740109143257141, "tumor_core": 0.9114634323120118}