{"ED": 0.8283568131923675, "ET": 0.8840797824859619, "N-NE": 0.8888107793331146, "mean": 0.8670824770927429, "whole_tumor": 0.8660333893299103, "tumor_core": 0.8931274173259736}