{"ED": 0.8244522563014848, "ET": 0.9046611151847231, "N-NE": 0.9074312472248457, "mean": 0.8788482235722332, "whole_tumor": 0.8603401328937941, "tumor_core": 0.9104922817522786}