{"ED": 0.8419859766960144, "ET": 0.9061066796779632, "N-NE": 0.900645890712738, "mean": 0.8829128699302673, "whole_tumor": 0.8779009187221527, "tumor_core": 0.9129301290512085}