{"ED": 0.8226753187179565, "ET": 0.8824350085258484, "N-NE": 0.8807577021121978, "mean": 0.8619560313224792, "whole_tumor": 0.8600361530780792, "tumor_core": 0.8872311823368072}