{"ED": 0.8174760105609894, "ET": 0.8755180342197418, "N-NE": 0.8832733199596405, "mean": 0.8587558107376099, "whole_tumor": 0.8574561216831207, "tumor_core": 0.8766970953941345}