{"ED": 0.8328385862112045, "ET": 0.9067422041893005, "N-NE": 0.9023811149597168, "mean": 0.8806539857387543, "whole_tumor": 0.8689121625423432, "tumor_core": 0.912363163948059}