{"ED": 0.821547939482913, "ET": 0.9032607655601198, "N-NE": 0.9048134948152945, "mean": 0.8765407567955108, "whole_tumor": 0.8596407612006502, "tumor_core": 0.9083268065376585}