{"ED": 0.827416806344492, "ET": 0.9028477333931334, "N-NE": 0.9021093161457563, "mean": 0.8774579730166857, "whole_tumor": 0.8631980478526111, "tumor_core": 0.9073977356412971}