{"ED": 0.8309569079875946, "ET": 0.9084051849842072, "N-NE": 0.9072320079803466, "mean": 0.8821980516910553, "whole_tumor": 0.8686718742847442, "tumor_core": 0.9130853705406189}