{"ED": 0.8105847747325897, "ET": 0.8601068165302277, "N-NE": 0.8750606484413147, "mean": 0.8485840983390808, "whole_tumor": 0.8470310435295105, "tumor_core": 0.8603322660923004}