{"ED": 0.8198613853454589, "ET": 0.8964808895587921, "N-NE": 0.8983791749477387, "mean": 0.8715738351345063, "whole_tumor": 0.8545814087390899, "tumor_core": 0.8979984877109528}