{"ED": 0.8112791126966477, "ET": 0.8445291090011596, "N-NE": 0.873617559671402, "mean": 0.8431419467926026, "whole_tumor": 0.8472921330928802, "tumor_core": 0.8424930293560028}