{"ED": 0.840428964138031, "ET": 0.9097330605983734, "N-NE": 0.9002709767818451, "mean": 0.8834776866436005, "whole_tumor": 0.8704825987815857, "tumor_core": 0.9136440074443817}