{"ED": 0.7645334968566895, "ET": 0.8464562828540803, "N-NE": 0.867041132926941, "mean": 0.8260103240013122, "whole_tumor": 0.7847540926933289, "tumor_core": 0.8391665563583374}