{"ED": 0.8361420040130615, "ET": 0.8985366446971893, "N-NE": 0.8977101242542267, "mean": 0.8774629464149475, "whole_tumor": 0.8707525424957275, "tumor_core": 0.9047466533184052}