{"ED": 0.8457814426422119, "ET": 0.9046915247440338, "N-NE": 0.9019527971744538, "mean": 0.8841419434547424, "whole_tumor": 0.878404483795166, "tumor_core": 0.9115471584796906}