{"ED": 0.8237543811361153, "ET": 0.8942293683846159, "N-NE": 0.9037317467400752, "mean": 0.8739051859217336, "whole_tumor": 0.8592623883034604, "tumor_core": 0.9013356117613287}