{"ED": 0.8023471433327968, "ET": 0.8780801901779327, "N-NE": 0.8755785958225508, "mean": 0.8520019966292667, "whole_tumor": 0.8419236241583805, "tumor_core": 0.8860057421414501}