{"ED": 0.7563125, "ET": 0.8445, "N-NE": 0.86984375, "mean": 0.8235521037578583, "whole_tumor": 0.7547195339202881, "tumor_core": 0.83478125}