{"ED": 0.82091272209745, "ET": 0.8913221637091314, "N-NE": 0.8914204427445552, "mean": 0.8678851258232299, "whole_tumor": 0.86160356851213, "tumor_core": 0.8974436678259496}