{"ED": 0.752625, "ET": 0.8405627112388611, "N-NE": 0.86815625, "mean": 0.8204480087757111, "whole_tumor": 0.7510938303470611, "tumor_core": 0.8320001771450043}