{"ED": 0.64686663210392, "ET": 0.6432333549261093, "N-NE": 0.86128125, "mean": 0.7171270983219147, "whole_tumor": 0.5884741175174714, "tumor_core": 0.6389836398363113}