{"ED": 0.8375579431056976, "ET": 0.9025671720504761, "N-NE": 0.9008534014225006, "mean": 0.8803261909484863, "whole_tumor": 0.869868286371231, "tumor_core": 0.9058905749320983}