{"ED": 0.8152234570980073, "ET": 0.8743269691467285, "N-NE": 0.8858371193408966, "mean": 0.8584625370502472, "whole_tumor": 0.8483138597011566, "tumor_core": 0.8716719930171967}