{"ED": 0.7954051449479335, "ET": 0.8660434992664838, "N-NE": 0.8654842200982144, "mean": 0.8423109743224673, "whole_tumor": 0.8420304242833202, "tumor_core": 0.8763147162726201}