{"ED": 0.8203713772296906, "ET": 0.871498384475708, "N-NE": 0.8915168266296387, "mean": 0.8611288809776306, "whole_tumor": 0.8566905083656311, "tumor_core": 0.8710007004737854}