{"ED": 0.8123983315737598, "ET": 0.8824792535181539, "N-NE": 0.8867310302191047, "mean": 0.8605362231512944, "whole_tumor": 0.8561553715234733, "tumor_core": 0.8901474461612473}