{"ED": 0.75553125, "ET": 0.8398162720203399, "N-NE": 0.8697261712551116, "mean": 0.8216912515163421, "whole_tumor": 0.7531524629592895, "tumor_core": 0.8335422780513764}