{"ED": 0.819186886548996, "ET": 0.8778394079208374, "N-NE": 0.8767082059383392, "mean": 0.8579115214347839, "whole_tumor": 0.8564823191165924, "tumor_core": 0.8793338816165924}