{"ED": 0.8182469525337219, "ET": 0.8623403925895691, "N-NE": 0.8756405551433564, "mean": 0.8520759887695313, "whole_tumor": 0.859853330373764, "tumor_core": 0.860175358057022}