{"ED": 0.8187224749326706, "ET": 0.8849164867401123, "N-NE": 0.8911698648929596, "mean": 0.8649362952709198, "whole_tumor": 0.8538977200984955, "tumor_core": 0.8855204939842224}