{"ED": 0.830415696144104, "ET": 0.9113447453975677, "N-NE": 0.9083925001621246, "mean": 0.8833843295574189, "whole_tumor": 0.8692508013248443, "tumor_core": 0.9179815452098846}