{"ED": 0.7904040234022407, "ET": 0.8457658115136196, "N-NE": 0.8671865966690488, "mean": 0.8344521631757577, "whole_tumor": 0.8241017757658939, "tumor_core": 0.8480932182999721}