{"ED": 0.8413313279151916, "ET": 0.9105984938144683, "N-NE": 0.9072188138961792, "mean": 0.8863828992843628, "whole_tumor": 0.8712521116733551, "tumor_core": 0.9164131574630737}