{"ED": 0.8014252140522004, "ET": 0.8412078077793121, "N-NE": 0.8580761046409607, "mean": 0.8335697257518768, "whole_tumor": 0.8337150325775147, "tumor_core": 0.8425271844863892}