{"ED": 0.808464423418045, "ET": 0.8470235567092895, "N-NE": 0.8749318673610688, "mean": 0.8434732990264893, "whole_tumor": 0.8416859924793243, "tumor_core": 0.8445084092617035}