{"ED": 0.7742164952754974, "ET": 0.8526092989444732, "N-NE": 0.8682217931747437, "mean": 0.8316825501918793, "whole_tumor": 0.7922858953475952, "tumor_core": 0.8437579009532928}