{"ED": 0.838954621553421, "ET": 0.9050608127117157, "N-NE": 0.900150640964508, "mean": 0.8813887140750885, "whole_tumor": 0.8704328215122223, "tumor_core": 0.9084250395298004}