{"ED": 0.7930391178131103, "ET": 0.8429478640556336, "N-NE": 0.8655583043098449, "mean": 0.8338484489917755, "whole_tumor": 0.8292474882602692, "tumor_core": 0.834267170906067}