{"ED": 0.562360368013382, "ET": 0.5633650186061859, "N-NE": 0.5986325601339341, "mean": 0.57478599858284, "whole_tumor": 0.5177560909986496, "tumor_core": 0.5474188067913055}