{"ED": 0.5610826492784508, "ET": 0.6247216222058254, "N-NE": 0.6881461275288783, "mean": 0.6246501507749596, "whole_tumor": 0.5272730780075271, "tumor_core": 0.5821312034272578}