{"ED": 0.8177708613872529, "ET": 0.8917768032550811, "N-NE": 0.8904562745094299, "mean": 0.8666680023670197, "whole_tumor": 0.8542172482013702, "tumor_core": 0.8905459003448486}