{"ED": 0.784830500125885, "ET": 0.8675308742523193, "N-NE": 0.873469789981842, "mean": 0.8419437434673309, "whole_tumor": 0.8084648045301437, "tumor_core": 0.8622945699691772}