{"ED": 0.8261282999515533, "ET": 0.8801400117874145, "N-NE": 0.8816048288345337, "mean": 0.8626243982315064, "whole_tumor": 0.85937845993042, "tumor_core": 0.8865850570201874}