{"ED": 0.8171004408384225, "ET": 0.8962372546176987, "N-NE": 0.899753665781591, "mean": 0.871030471951838, "whole_tumor": 0.8541758863099542, "tumor_core": 0.899491325317626}