{"ED": 0.8292383904457092, "ET": 0.8984767405986785, "N-NE": 0.9051358377933503, "mean": 0.8776170113086701, "whole_tumor": 0.8628752210140228, "tumor_core": 0.9039561786651611}