{"ED": 0.8374106838703156, "ET": 0.908944755077362, "N-NE": 0.9056171779632568, "mean": 0.8839908952713013, "whole_tumor": 0.8704190480709076, "tumor_core": 0.9166074376106262}