{"ED": 0.8088636689186096, "ET": 0.8878633587360382, "N-NE": 0.8974683678150177, "mean": 0.8647318153381348, "whole_tumor": 0.842073081254959, "tumor_core": 0.8874453308582306}