{"ED": 0.8227346773147584, "ET": 0.8841212117671966, "N-NE": 0.893150404214859, "mean": 0.8666687834262848, "whole_tumor": 0.8611662516593933, "tumor_core": 0.8832569277286529}