{"ED": 0.813349426984787, "ET": 0.8626417675018311, "N-NE": 0.869717749118805, "mean": 0.8485696663856507, "whole_tumor": 0.8557951560020447, "tumor_core": 0.8673203318119049}