{"ED": 0.8338602285385132, "ET": 0.9041610379219055, "N-NE": 0.9092897479534149, "mean": 0.882437025308609, "whole_tumor": 0.8683117456436157, "tumor_core": 0.9119639551639557}