{"ED": 0.8248498134613037, "ET": 0.891980553150177, "N-NE": 0.8993623414039612, "mean": 0.8720642521381378, "whole_tumor": 0.8602941837310791, "tumor_core": 0.8957622029781341}