{"ED": 0.8034532138109207, "ET": 0.8622179582118988, "N-NE": 0.8754761836528778, "mean": 0.8470491366386413, "whole_tumor": 0.8365731086730958, "tumor_core": 0.8565117750167847}