{"ED": 0.789427836894989, "ET": 0.8422517578601837, "N-NE": 0.8703038303852081, "mean": 0.8339944965839386, "whole_tumor": 0.8195815446376801, "tumor_core": 0.8396504139900207}