{"ED": 0.7832239802140164, "ET": 0.8405113813886604, "N-NE": 0.863312659748047, "mean": 0.829016027697529, "whole_tumor": 0.8132238618406167, "tumor_core": 0.839209505048881}