{"ED": 0.811765218257904, "ET": 0.8580537428855896, "N-NE": 0.8670507946014404, "mean": 0.8456232731342316, "whole_tumor": 0.8531480550765991, "tumor_core": 0.8551123147010803}