{"ED": 0.8031830326318741, "ET": 0.8558449048995972, "N-NE": 0.8677824628353119, "mean": 0.8422701530456543, "whole_tumor": 0.834142657995224, "tumor_core": 0.8483887815475464}