{"ED": 0.7545000001192093, "ET": 0.8399375, "N-NE": 0.8701875, "mean": 0.8215416872501373, "whole_tumor": 0.7524380033016205, "tumor_core": 0.83409375}