{"ED": 0.8367428722381591, "ET": 0.8984668478965759, "N-NE": 0.8975366814136505, "mean": 0.8775821485519409, "whole_tumor": 0.8678895666599273, "tumor_core": 0.9024122412204743}