{"ED": 0.831413841342546, "ET": 0.9058107505756545, "N-NE": 0.9051939978067618, "mean": 0.8808062185804207, "whole_tumor": 0.8683402535924873, "tumor_core": 0.9122259778330526}