{"ED": 0.8041648318767548, "ET": 0.8542194335460663, "N-NE": 0.8763182051181794, "mean": 0.8449008455276489, "whole_tumor": 0.829747906923294, "tumor_core": 0.8506204352378846}