{"ED": 0.8241023581027984, "ET": 0.8994425797462463, "N-NE": 0.8991691062450409, "mean": 0.874238032579422, "whole_tumor": 0.8601072158813476, "tumor_core": 0.9013585042953491}