{"ED": 0.8157665249835923, "ET": 0.8922614809051453, "N-NE": 0.8912623310943999, "mean": 0.8664301332249584, "whole_tumor": 0.8587370362889719, "tumor_core": 0.8996492486550989}