{"ED": 0.8135738153457641, "ET": 0.8710714209079743, "N-NE": 0.883075035572052, "mean": 0.8559067783355713, "whole_tumor": 0.8454769139289856, "tumor_core": 0.8686642475128173}