{"ED": 0.8330443110466004, "ET": 0.895594826221466, "N-NE": 0.8918773622512818, "mean": 0.8735055203437805, "whole_tumor": 0.8684587650299073, "tumor_core": 0.8990531549453735}