{"ED": 0.8240562219619751, "ET": 0.8933511848449707, "N-NE": 0.8956787900924683, "mean": 0.8710287549495697, "whole_tumor": 0.8631094932556153, "tumor_core": 0.9020379745960235}