{"ED": 0.8094007754325867, "ET": 0.8439029841423035, "N-NE": 0.8716379842758178, "mean": 0.8416472671031952, "whole_tumor": 0.8439689207077027, "tumor_core": 0.8437816045284271}