{"ED": 0.8254732973575593, "ET": 0.9018721492290497, "N-NE": 0.9086256945133209, "mean": 0.8786570649147034, "whole_tumor": 0.8630448458194733, "tumor_core": 0.9139748463630676}