{"ED": 0.8334558775424957, "ET": 0.8896942939758301, "N-NE": 0.8923890886306762, "mean": 0.871846438407898, "whole_tumor": 0.8670921392440796, "tumor_core": 0.896358163356781}