{"ED": 0.8054087684154511, "ET": 0.8650426595211029, "N-NE": 0.8712955813407898, "mean": 0.8472490224838257, "whole_tumor": 0.845725855588913, "tumor_core": 0.8733833620548248}