{"ED": 0.8084224614489126, "ET": 0.861146105238166, "N-NE": 0.8698284198563412, "mean": 0.846465683790792, "whole_tumor": 0.8517426176375127, "tumor_core": 0.8711163629573655}