{"ED": 0.8189407167434692, "ET": 0.8673694310188294, "N-NE": 0.8755166368484497, "mean": 0.8539422852993012, "whole_tumor": 0.8562214620113373, "tumor_core": 0.8685754158496857}