{"ED": 0.7734578990936279, "ET": 0.836463728427887, "N-NE": 0.8650806949138642, "mean": 0.8250007975101471, "whole_tumor": 0.7956857175827027, "tumor_core": 0.8300999133586884}