{"epochs": 25, "train_loss": [0.5548538591835525, 19665.518477616133, 19779.496661541583, 16866.199178750936, 15370.039114206107, 15187.755056466971, 14442.104882422265, 14838.59024471622, 14603.87266444493, 14766.683465948114, 16906.257546164772, 17853.26850688374, 19187.314748727833, 18856.171187211225, 20927.34250417551, 23039.19856413118, 25225.284256758867, 27085.77053317776, 27332.625061461975, 27794.577011855334, 28071.721955778597, 29915.10011570461, 30890.00990123158, 32140.637399709667, 31330.612982720406], "valid_loss": [0.5140284267663956, 0.538780262708664, 0.542428968667984, 0.5146743594408035, 0.5105787099599838, 0.4914674518108368, 0.5024676592350006, 0.5011940133571625, 0.5111385906934738, 0.4939320414066315, 0.4871492927074432, 0.4824306616783142, 0.4835616946220398, 0.4799306470155716, 0.4781835795640945, 0.47712196290493014, 0.4696246384382248, 0.4704921200275421, 0.4717043149471283, 0.46545431566238404, 0.46585090744495394, 0.47357899582386015, 0.4637577061653137, 0.46490033411979675, 0.46029660415649415]}