{"epochs": 25, "train_loss": [0.6004401450747853, 21263.76218703172, 20982.772228747814, 17736.417796071117, 15945.309406413899, 15499.68509810502, 16459.771258038836, 16510.91071623689, 16218.74985463755, 17889.656878277972, 18105.418535565997, 19500.418608735014, 20531.947891951797, 20011.105618014797, 21123.816581855644, 22316.47359183785, 23592.889598682566, 26561.574477280534, 24829.43143282499, 25969.612811992694, 27408.3523527254, 27980.828955224464, 29348.731565309692, 29512.329877154098, 32019.743165038086], "valid_loss": [0.5222776999473572, 0.5396928343772888, 0.5399811260700226, 0.5015292265415192, 0.5013997563123703, 0.4916502981185913, 0.4939357706308365, 0.49215593791007994, 0.4952183840274811, 0.4912668684720993, 0.48502788949012754, 0.4809261981248856, 0.4820920451879501, 0.48436955916881563, 0.4716615436077118, 0.4666115758419037, 0.4728599811792374, 0.46796358466148374, 0.4796865893602371, 0.4851297981739044, 0.4643880587816238, 0.45980460381507876, 0.45938555204868314, 0.45791302049160004, 0.4567549651861191]}