{"epochs": 25, "train_loss": [0.5646403327688471, 13285.986288125936, 14209.110134006618, 17687.17502614573, 19422.005506212536, 21593.629593063186, 20818.528470552883, 21000.172410597217, 22717.986812991694, 23814.861760310003, 24807.037335711164, 24062.318724244506, 25111.024814053133, 26020.569861778848, 25251.07656406094, 25266.32507824207, 26032.056228927322, 28099.97115189498, 27061.649741859703, 29078.348302088536, 26945.493927947053, 29761.142521540958, 30365.49474353771, 30330.288166911214, 31393.26534598214], "valid_loss": [0.5182765600681305, 0.5327582094669342, 0.5083927263021469, 0.5118883708715439, 0.5115955383777618, 0.5072925391197205, 0.5010105769634247, 0.5049866508245469, 0.48860550916194917, 0.4908418111801148, 0.48583689045906064, 0.4841672730445862, 0.4811069893836975, 0.4808013223409653, 0.4790186357498169, 0.47845886743068694, 0.47242783164978025, 0.47628928208351134, 0.4693174265623093, 0.46348109436035156, 0.4613098373413086, 0.4630047844648361, 0.4567235314846039, 0.45835152053833006, 0.4554535230398178]}