{"epochs": 25, "train_loss": [0.5689122956115883, 24361.12739604146, 25968.835252637986, 23893.634960742384, 20790.308725454233, 19844.770585859453, 19153.200854809253, 19190.82796012581, 19223.052718765608, 19407.57138369443, 19121.75196483204, 19391.068924239822, 19610.993284059692, 19811.681181123564, 20557.84972546984, 20572.5910290881, 20344.30117343594, 20668.529586624314, 21284.53719425106, 21560.54821838318, 21989.265620122067, 22588.105507773478, 23441.37488585633, 22669.00965440809, 23211.644143941994], "valid_loss": [0.5166911072731019, 0.5360220413208008, 0.5281562789678573, 0.5299367302656174, 0.4947633875608444, 0.4990766155719757, 0.4904841321706772, 0.4902306510210037, 0.48661022043228147, 0.48014134299755096, 0.4903044437170029, 0.4801989279985428, 0.4721926475763321, 0.4723099812269211, 0.4683934401273727, 0.4648969432115555, 0.46875612223148344, 0.4653966010808945, 0.47500148487091065, 0.45969580471515653, 0.45727119493484497, 0.46285570013523103, 0.4649992858171463, 0.46121747052669526, 0.45982344257831576]}