{"epochs": 25, "train_loss": [0.5646107631325722, 15577.174752929688, 15774.914376953126, 15728.152899414063, 14443.681700195313, 14103.106899414062, 15598.249994140626, 15433.37378515625, 17247.20387792969, 17852.396548828125, 19307.59195800781, 19790.597635742186, 20145.3902578125, 20051.54394433594, 20522.991545898436, 20662.738234375, 20579.519794921875, 21601.442991210937, 22960.427671875, 24394.0098359375, 29510.555262695314, 26909.607112304686, 23560.561616210936, 27041.283498046876, 28902.722579101563], "valid_loss": [0.518309652330391, 0.5395834835402045, 0.5261970651577194, 0.5103491975729209, 0.4976163327219002, 0.5077141249084852, 0.49362841450360667, 0.49923157525727474, 0.4945743448468318, 0.48937927952325677, 0.48522576464124884, 0.4783319170731472, 0.48737715689309563, 0.4752498806947731, 0.47885692998232593, 0.4701789641285323, 0.4784712016107552, 0.4726639745007473, 0.47201912277248276, 0.46792692860284174, 0.4628782982370293, 0.4658115812506809, 0.45950961362318216, 0.4582099957295148, 0.46321326755432496]}