{"ED": 0.7901174750328064, "ET": 0.8258249878883361, "N-NE": 0.8713691010475159, "mean": 0.8291038808822632, "whole_tumor": 0.8334325428009033, "tumor_core": 0.8486101560592652}