{"ED": 0.759788028717041, "ET": 0.8259718289375305, "N-NE": 0.8687870192527771, "mean": 0.8181823062896728, "whole_tumor": 0.8039101052284241, "tumor_core": 0.8442787108421326}