{"ED": 0.7435916538238525, "ET": 0.8239472026824951, "N-NE": 0.8591205549240112, "mean": 0.8088864889144898, "whole_tumor": 0.7708957147598267, "tumor_core": 0.8183690419197083}