{"ED": 0.7427304164757804, "ET": 0.8202305440864865, "N-NE": 0.8546625976524655, "mean": 0.805874542584495, "whole_tumor": 0.786852111419042, "tumor_core": 0.8370608304228101}