{"ED": 0.7599016332626343, "ET": 0.8301327080726624, "N-NE": 0.8662813982963562, "mean": 0.8187719311714172, "whole_tumor": 0.8035636539459229, "tumor_core": 0.8484404406547547}