{"ED": 0.7667110509872437, "ET": 0.8240264201164246, "N-NE": 0.8622614636421203, "mean": 0.817666335105896, "whole_tumor": 0.807855535030365, "tumor_core": 0.8401944904327393}