{"ED": 0.7752319965362549, "ET": 0.8350319447517395, "N-NE": 0.8713909811973571, "mean": 0.8272183237075805, "whole_tumor": 0.8233680338859558, "tumor_core": 0.8558128333091736}