{"ED": 0.7319076042175293, "ET": 0.8215964441299438, "N-NE": 0.8566962561607361, "mean": 0.8034001231193543, "whole_tumor": 0.750093448638916, "tumor_core": 0.8188228197097779}