{"ED": 0.6321697688102722, "ET": 0.7274776864051818, "N-NE": 0.8138194284439086, "mean": 0.7244889798164368, "whole_tumor": 0.6794039955139161, "tumor_core": 0.759701443195343}