{"ED": 0.7449683291571481, "ET": 0.8213136924637688, "N-NE": 0.8517098147717733, "mean": 0.805997299769568, "whole_tumor": 0.7921008273722634, "tumor_core": 0.8401591512891982}