{"ED": 0.7306975002288818, "ET": 0.8042886753082276, "N-NE": 0.8552315893173218, "mean": 0.7967392764091492, "whole_tumor": 0.7701754064559937, "tumor_core": 0.8352473158836364}