{"ED": 0.7440603753877064, "ET": 0.8140610073293958, "N-NE": 0.8626377014886766, "mean": 0.8069197128689478, "whole_tumor": 0.7835752339590163, "tumor_core": 0.8335847665393163}