{"ED": 0.7540312490463257, "ET": 0.8115712575912476, "N-NE": 0.8623883075714112, "mean": 0.8093302936553955, "whole_tumor": 0.8023860082626343, "tumor_core": 0.8403589792251587}