{"ED": 0.7932761507034302, "ET": 0.8258734927177429, "N-NE": 0.869765938282013, "mean": 0.8296385498046875, "whole_tumor": 0.8357147965431213, "tumor_core": 0.8476225090026855}