{"ED": 0.7181585087776184, "ET": 0.8154370818138122, "N-NE": 0.8659723219871521, "mean": 0.7998559927940369, "whole_tumor": 0.7557895889282227, "tumor_core": 0.8360451555252075}