{"ED": 0.6718116799990336, "ET": 0.7845632627842918, "N-NE": 0.8492034399320209, "mean": 0.7685261491745238, "whole_tumor": 0.7119433591290126, "tumor_core": 0.8098950802333771}