{"ED": 0.6440009665489197, "ET": 0.7561036109924316, "N-NE": 0.8386421327590943, "mean": 0.7462489199638367, "whole_tumor": 0.6736506905555725, "tumor_core": 0.7470391473770142}