{"ED": 0.752721983909607, "ET": 0.8160243487358093, "N-NE": 0.8600380530357361, "mean": 0.8095948162078858, "whole_tumor": 0.7961070227622986, "tumor_core": 0.8387743210792542}