{"ED": 0.6188100726604462, "ET": 0.8141575741767884, "N-NE": 0.8277817387580871, "mean": 0.7535831489562989, "whole_tumor": 0.608391521692276, "tumor_core": 0.7776959257125855}