{"ED": 0.7547313211456178, "ET": 0.8194798704177614, "N-NE": 0.8554871110689073, "mean": 0.8098994502945552, "whole_tumor": 0.797427529380435, "tumor_core": 0.8347270332631611}