{"ED": 0.8289509949684143, "ET": 0.8387154583930969, "N-NE": 0.8675705647468567, "mean": 0.8450790266990662, "whole_tumor": 0.8749113850593567, "tumor_core": 0.8536053109169006}