{"ED": 0.84071080493927, "ET": 0.8410229477882385, "N-NE": 0.8654214854240417, "mean": 0.8490517683029175, "whole_tumor": 0.8840430326461792, "tumor_core": 0.85666259765625}