{"ED": 0.8397674074172974, "ET": 0.8489736752510071, "N-NE": 0.8820101995468139, "mean": 0.8569171180725098, "whole_tumor": 0.8805674743652344, "tumor_core": 0.866408432483673}