{"ED": 0.5688727157115936, "ET": 0.6038221611976623, "N-NE": 0.5863499965667724, "mean": 0.5863483128547669, "whole_tumor": 0.582584109544754, "tumor_core": 0.5387924294471741}