{"ED": 0.7661602692604065, "ET": 0.7922203545570373, "N-NE": 0.8213527340888978, "mean": 0.7932444772720337, "whole_tumor": 0.8000057339668274, "tumor_core": 0.7932435455322265}