{"ED": 0.7106637940406799, "ET": 0.7363084917068481, "N-NE": 0.8566734781265258, "mean": 0.7678819437026978, "whole_tumor": 0.7501082978248597, "tumor_core": 0.7335377678871154}