{"ED": 0.8372140126228332, "ET": 0.8392188310623169, "N-NE": 0.8624633841514587, "mean": 0.8462987594604492, "whole_tumor": 0.8813683018684387, "tumor_core": 0.8571007227897645}