{"ED": 0.8310167393684387, "ET": 0.8371573944091797, "N-NE": 0.8635269985198974, "mean": 0.8439003915786744, "whole_tumor": 0.8741932153701782, "tumor_core": 0.8489555115699768}