{"ED": 0.8399540233612061, "ET": 0.847644329547882, "N-NE": 0.8743633179664612, "mean": 0.8539872450828552, "whole_tumor": 0.8866585745811463, "tumor_core": 0.8625362238883972}