{"ED": 0.7809882097244263, "ET": 0.8284572367668152, "N-NE": 0.8667932152748108, "mean": 0.8254129033088684, "whole_tumor": 0.8242472648620606, "tumor_core": 0.8465447826385498}