{"ED": 0.8421347436904907, "ET": 0.8494732513427734, "N-NE": 0.8741430311203003, "mean": 0.8552503595352173, "whole_tumor": 0.890935293674469, "tumor_core": 0.8665664539337158}