{"ED": 0.840020339012146, "ET": 0.8458137230873108, "N-NE": 0.8685664234161377, "mean": 0.851466854095459, "whole_tumor": 0.8839304914474487, "tumor_core": 0.8618781943321228}