{"ED": 0.7670123209953308, "ET": 0.8221657209396362, "N-NE": 0.8558156514167785, "mean": 0.8149979214668274, "whole_tumor": 0.8091039295196534, "tumor_core": 0.8365685114860535}