{"ED": 0.8394653878211975, "ET": 0.8421224765777587, "N-NE": 0.8650274877548217, "mean": 0.8488717985153198, "whole_tumor": 0.8863868732452392, "tumor_core": 0.8574903492927551}