{"ED": 0.8113376154899598, "ET": 0.8318558993339539, "N-NE": 0.8726346063613891, "mean": 0.8386093935966492, "whole_tumor": 0.8552123541831971, "tumor_core": 0.8485689578056336}