{"ED": 0.7774539070129395, "ET": 0.815112211227417, "N-NE": 0.8610446391105652, "mean": 0.8178702759742736, "whole_tumor": 0.8303117771148681, "tumor_core": 0.843720829963684}