{"ED": 0.8316265163421631, "ET": 0.8379505257606507, "N-NE": 0.8656452765464783, "mean": 0.84507412815094, "whole_tumor": 0.8741424417495728, "tumor_core": 0.8503630170822144}