{"ED": 0.8174544291496277, "ET": 0.8413716502189637, "N-NE": 0.8717240595817566, "mean": 0.8435167360305786, "whole_tumor": 0.8622611036300659, "tumor_core": 0.8614959907531738}