{"ED": 0.8110669193759797, "ET": 0.8197396771302299, "N-NE": 0.8465534410779438, "mean": 0.8257867017435649, "whole_tumor": 0.8616495979210687, "tumor_core": 0.8349409145968301}