{"ED": 0.7780792935500069, "ET": 0.8166925897673954, "N-NE": 0.840863318197311, "mean": 0.8118784257343837, "whole_tumor": 0.8277158349279373, "tumor_core": 0.830117982058298}