{"ED": 0.8077713861465454, "ET": 0.8252533078193665, "N-NE": 0.8382195544242859, "mean": 0.8237481002807617, "whole_tumor": 0.8487547245025635, "tumor_core": 0.8310529007911682}