{"ED": 0.8217180740265619, "ET": 0.8278768166663155, "N-NE": 0.8530417959841471, "mean": 0.8342122492336091, "whole_tumor": 0.870523958925217, "tumor_core": 0.8467828129965161}