{"ED": 0.7969155626296998, "ET": 0.8361360406875611, "N-NE": 0.8650023226737976, "mean": 0.8326846618652344, "whole_tumor": 0.8466099872589111, "tumor_core": 0.8508498983383179}