{"ED": 0.8062864170074463, "ET": 0.8420242600440979, "N-NE": 0.8736818089485169, "mean": 0.8406641840934753, "whole_tumor": 0.8505143876075745, "tumor_core": 0.860631971359253}