{"ED": 0.8294304418563843, "ET": 0.840237380027771, "N-NE": 0.8752520837783814, "mean": 0.848306652545929, "whole_tumor": 0.8752072119712829, "tumor_core": 0.8618991055488586}