{"epochs": 25, "train_loss": [0.6015997310122568, 0.4871608322846913, 0.4683488821555041, 0.46134250511428315, 0.4553132951259613, 0.45200376887759286, 0.4459882382742183, 0.4435628835788506, 0.4405849423118218, 0.4363330166021031, 0.43491437097271524, 0.4306580072748447, 0.4279439439197738, 0.4259172721418316, 0.4254837077772784, 0.4236773951443845, 0.4221597935506208, 0.42090520554198, 0.42085599798166345, 0.41915034194906314, 0.41760458644040804, 0.41603243565131093, 0.41522344976604103, 0.4143130516339681], "valid_loss": [0.5068466806411743, 0.47726885199546815, 0.4644504964351654, 0.4596488950252533, 0.45513887286186216, 0.4534866979122162, 0.45309726428985597, 0.448644474029541, 0.44747403073310854, 0.4444470431804657, 0.44396108627319336, 0.44326336669921873, 0.4429136917591095, 0.441680335521698, 0.4424571239948273, 0.4399542698860168, 0.44018148636817933, 0.4414495882987976, 0.44020622038841245, 0.43806163549423216, 0.43839287996292114, 0.4389073510169983, 0.4383019685745239, 0.4384999248981476]}