{"ED": 0.8106196842695538, "ET": 0.8407140869843333, "N-NE": 0.8590742638236598, "mean": 0.8368026996913709, "whole_tumor": 0.850585999614314, "tumor_core": 0.8522028992050572}