{"ED": 0.5590570947019066, "ET": 0.6393528033078202, "N-NE": 0.7402780870111977, "mean": 0.6462293519237177, "whole_tumor": 0.5622896622351514, "tumor_core": 0.6311719499952425}