{"ED": 0.560868197365811, "ET": 0.6468803826131319, "N-NE": 0.7353349503717924, "mean": 0.6476945343770479, "whole_tumor": 0.5649873664504603, "tumor_core": 0.6358422185245313}