{"ED": 0.5597677967910256, "ET": 0.6415335099611964, "N-NE": 0.7402580678462982, "mean": 0.6471864756728921, "whole_tumor": 0.5632536240986415, "tumor_core": 0.6324300978864942}