{"ED": 0.7151739772941385, "ET": 0.8302006231887, "N-NE": 0.8314577128205981, "mean": 0.7922774590551853, "whole_tumor": 0.766559112817049, "tumor_core": 0.8411071337759495}