{"ED": 0.7136084606772974, "ET": 0.82771218889638, "N-NE": 0.8282300716952273, "mean": 0.7898502632191307, "whole_tumor": 0.764559795354542, "tumor_core": 0.8381415743576853}