{"ED": 0.7115270461493391, "ET": 0.828322345163764, "N-NE": 0.8314008325096068, "mean": 0.7904167625962234, "whole_tumor": 0.763149147111226, "tumor_core": 0.8389934655127487}