{"ED": 0.8131575025618076, "ET": 0.8381418005696365, "N-NE": 0.8600099448646817, "mean": 0.8371031060814857, "whole_tumor": 0.8533832526632718, "tumor_core": 0.8521874334130969}