{"ED": 0.8129786151211437, "ET": 0.8348720277228007, "N-NE": 0.8599751393000284, "mean": 0.8359419499955526, "whole_tumor": 0.8542501301300235, "tumor_core": 0.8502399713043275}