{"ED": 0.5241988213062286, "ET": 0.5228571500778199, "N-NE": 0.5317640335559844, "mean": 0.52627334856987, "whole_tumor": 0.47185509085655214, "tumor_core": 0.4860630090236664}