{"ED": 0.8351220833876777, "ET": 0.8371311941790203, "N-NE": 0.8657779376658182, "mean": 0.8460104238419306, "whole_tumor": 0.8816775949228377, "tumor_core": 0.862855318992857}