{"ED": 0.7261329541206359, "ET": 0.8448924822807312, "N-NE": 0.8881428961753846, "mean": 0.819722797870636, "whole_tumor": 0.7434516291618347, "tumor_core": 0.7324457221031189}