{"ED": 0.6185672473907471, "ET": 0.6867093467712402, "N-NE": 0.6927211904525756, "mean": 0.6659992809295654, "whole_tumor": 0.6253516879081726, "tumor_core": 0.6226435008049012}