{"ED": 0.7954627804756165, "ET": 0.8831815152168274, "N-NE": 0.9140113635063172, "mean": 0.8642185735702514, "whole_tumor": 0.8122081480026245, "tumor_core": 0.8814011888504029}