{"ED": 0.767310378074646, "ET": 0.8638899784088134, "N-NE": 0.8958976001739501, "mean": 0.8423660116195679, "whole_tumor": 0.7815640864372253, "tumor_core": 0.7705931220054626}