{"ED": 0.7450427141189575, "ET": 0.8774998302459717, "N-NE": 0.9027065954208374, "mean": 0.8417497296333313, "whole_tumor": 0.7667551679611206, "tumor_core": 0.7548441128730774}