{"ED": 0.49260302329063416, "ET": 0.5262247264385224, "N-NE": 0.5926899781227112, "mean": 0.5371725931167602, "whole_tumor": 0.46151827788352967, "tumor_core": 0.46372938442230227}