{"ED": 0.706556517124176, "ET": 0.8439735360145569, "N-NE": 0.8735733284950257, "mean": 0.808034481048584, "whole_tumor": 0.728891727924347, "tumor_core": 0.7153548545837403}