{"ED": 0.6117769753932953, "ET": 0.6331864366531372, "N-NE": 0.6826456723213196, "mean": 0.6425363781452179, "whole_tumor": 0.5535609631538391, "tumor_core": 0.5703551416397095}