{"ED": 0.7737105193138123, "ET": 0.8738120679855347, "N-NE": 0.8917165899276733, "mean": 0.8464130821228028, "whole_tumor": 0.795352322101593, "tumor_core": 0.7828138675689698}