{"ED": 0.7692706146240235, "ET": 0.8786359152793884, "N-NE": 0.9091791486740113, "mean": 0.8523619141578674, "whole_tumor": 0.7881118469238281, "tumor_core": 0.7763775739669799}