{"ED": 0.742581775188446, "ET": 0.8591819577217102, "N-NE": 0.9037203459739686, "mean": 0.8351613774299621, "whole_tumor": 0.7595488061904907, "tumor_core": 0.7493603100776672}