{"ED": 0.7635156559944153, "ET": 0.8842853436470032, "N-NE": 0.9185615234375, "mean": 0.8554541931152344, "whole_tumor": 0.7860416107177735, "tumor_core": 0.8840073909759522}