{"ED": 0.5734669525623322, "ET": 0.66267720079422, "N-NE": 0.6492953424453736, "mean": 0.6284798526763916, "whole_tumor": 0.6123320846557617, "tumor_core": 0.6545759062767029}