{"ED": 0.7756791052818298, "ET": 0.8736596651077271, "N-NE": 0.9103903837203979, "mean": 0.853243070602417, "whole_tumor": 0.7915211272239685, "tumor_core": 0.8722578077316284}