{"ED": 0.7193732252120971, "ET": 0.7958036894798279, "N-NE": 0.8550514283180237, "mean": 0.7900761375427247, "whole_tumor": 0.7295460677146912, "tumor_core": 0.7176076130867004}