{"ED": 0.709795069694519, "ET": 0.8483221669197083, "N-NE": 0.8722276272773742, "mean": 0.8101149773597718, "whole_tumor": 0.7349078783988953, "tumor_core": 0.8396275429725647}