{"ED": 0.562944652305709, "ET": 0.6249285536626029, "N-NE": 0.59569656162981, "mean": 0.5945232768380453, "whole_tumor": 0.5171105121336286, "tumor_core": 0.5296243102777571}