{"ED": 0.8249769087821718, "ET": 0.8133297775472913, "N-NE": 0.8525700346818046, "mean": 0.8302922565785665, "whole_tumor": 0.8701009390846132, "tumor_core": 0.8474387332560525}