{"ED": 0.7486049404144287, "ET": 0.8543627572059631, "N-NE": 0.8948838090896607, "mean": 0.8326171870231629, "whole_tumor": 0.7695108547210693, "tumor_core": 0.8521463751792908}