{"ED": 0.776044291973114, "ET": 0.9006204833984375, "N-NE": 0.9212245683670044, "mean": 0.8659631357192993, "whole_tumor": 0.8008007388114929, "tumor_core": 0.7896424531936646}