{"ED": 0.7949531040191651, "ET": 0.8860068736076355, "N-NE": 0.9194906034469604, "mean": 0.8668168807029724, "whole_tumor": 0.8173059043884278, "tumor_core": 0.8881025757789612}