{"ED": 0.7134108920097351, "ET": 0.835918541431427, "N-NE": 0.8792330465316772, "mean": 0.8095208487510681, "whole_tumor": 0.7322402567863464, "tumor_core": 0.7202240800857544}