{"ED": 0.7960259447097778, "ET": 0.8752201251983642, "N-NE": 0.9080476508140564, "mean": 0.8597645950317383, "whole_tumor": 0.8087121067047119, "tumor_core": 0.8746371049880981}