{"ED": 0.5732680208683014, "ET": 0.689923764705658, "N-NE": 0.6922817139625549, "mean": 0.6518245174884796, "whole_tumor": 0.6016074266433716, "tumor_core": 0.5917843999862671}