{"ED": 0.843049920267529, "ET": 0.8304044046099224, "N-NE": 0.8635803399577974, "mean": 0.845678238641648, "whole_tumor": 0.8841967686774239, "tumor_core": 0.8663366356539348}