{"ED": 0.7728851575851441, "ET": 0.8859914398193359, "N-NE": 0.913325352191925, "mean": 0.857400664806366, "whole_tumor": 0.795842957496643, "tumor_core": 0.7844919996261597}