{"ED": 0.8314548735580747, "ET": 0.8380230854428004, "N-NE": 0.8675198819902208, "mean": 0.845665969545879, "whole_tumor": 0.8729318068141029, "tumor_core": 0.8563467708844987}