{"ED": 0.6483796534538269, "ET": 0.7442958540916443, "N-NE": 0.8305170922279358, "mean": 0.741064218044281, "whole_tumor": 0.6695561695098877, "tumor_core": 0.6565520477294922}