{"ED": 0.757540723323822, "ET": 0.8506059737205506, "N-NE": 0.9139652662277221, "mean": 0.8407040109634399, "whole_tumor": 0.7700296564102173, "tumor_core": 0.7606925392150878}