{"ED": 0.7734051800909496, "ET": 0.8775056373505365, "N-NE": 0.9122285062358493, "mean": 0.8543797944273267, "whole_tumor": 0.7965602340206267, "tumor_core": 0.7838234040472243}