{"ED": 0.8205009959046803, "ET": 0.8248401733617934, "N-NE": 0.8618266506800576, "mean": 0.8357226271477957, "whole_tumor": 0.8634746060484931, "tumor_core": 0.8455464031015124}