{"ED": 0.8098789321051704, "ET": 0.8039710583194853, "N-NE": 0.8485681126042018, "mean": 0.8208060534227462, "whole_tumor": 0.8554586001804897, "tumor_core": 0.8308254437787193}