{"ED": 0.8160811357498169, "ET": 0.9101925592422485, "N-NE": 0.9243112535476684, "mean": 0.8835283408164978, "whole_tumor": 0.8379059782028199, "tumor_core": 0.8285993313789368}