{"ED": 0.7806504155908313, "ET": 0.8924455368329608, "N-NE": 0.9187078684095352, "mean": 0.8639346242897095, "whole_tumor": 0.8053974513969724, "tumor_core": 0.7926575210359361}