{"ED": 0.7322902726748634, "ET": 0.8366605980055672, "N-NE": 0.872562039939184, "mean": 0.8138376606835259, "whole_tumor": 0.7487297228404454, "tumor_core": 0.7362581425242953}