{"ED": 0.5866613206863404, "ET": 0.6663681473731995, "N-NE": 0.7687317576408387, "mean": 0.6739204287528991, "whole_tumor": 0.6158205990791321, "tumor_core": 0.6085356895923615}