{"ED": 0.7530844405529991, "ET": 0.8482906629168798, "N-NE": 0.8865857800794026, "mean": 0.8293203153307476, "whole_tumor": 0.772542097738811, "tumor_core": 0.7585501448502616}