{"ED": 0.494517411504473, "ET": 0.53542089414975, "N-NE": 0.5281142379556384, "mean": 0.5193508657671156, "whole_tumor": 0.46402114913577125, "tumor_core": 0.4704337382600421}