{"ED": 0.7615702521233332, "ET": 0.8699845184409429, "N-NE": 0.9017313524844155, "mean": 0.8444287242397429, "whole_tumor": 0.7861997059413365, "tumor_core": 0.7731188275511303}