{"ED": 0.7643505864143372, "ET": 0.8557925424575805, "N-NE": 0.899737458705902, "mean": 0.8399602174758911, "whole_tumor": 0.7820568814277649, "tumor_core": 0.7701533632278442}