{"ED": 0.659683696269989, "ET": 0.7629032807350159, "N-NE": 0.845530565738678, "mean": 0.7560392055511475, "whole_tumor": 0.6804272465705872, "tumor_core": 0.7531430101394654}