{"ED": 0.8352511610303607, "ET": 0.8243968912533352, "N-NE": 0.857582322188786, "mean": 0.8390768141973586, "whole_tumor": 0.8804717981626117, "tumor_core": 0.8605878031443036}