{"ED": 0.7274144582748413, "ET": 0.8676258459091186, "N-NE": 0.8681506323814392, "mean": 0.8210636711120606, "whole_tumor": 0.7454362478256226, "tumor_core": 0.8550762515068054}