{"ED": 0.5841563727855682, "ET": 0.7473513846397399, "N-NE": 0.6404557161331177, "mean": 0.657321177482605, "whole_tumor": 0.5202128312587738, "tumor_core": 0.611890718460083}