{"ED": 0.8375666089474209, "ET": 0.820234981794206, "N-NE": 0.8587613361222404, "mean": 0.8388543223577832, "whole_tumor": 0.8772270622707549, "tumor_core": 0.8605229277459402}