{"ED": 0.8006062985412659, "ET": 0.7968591077933236, "N-NE": 0.846743980570445, "mean": 0.8147364850082095, "whole_tumor": 0.8438703110293736, "tumor_core": 0.8264280330567133}