{"ED": 0.8328129195031666, "ET": 0.8249772356616126, "N-NE": 0.8572105263906812, "mean": 0.8383335778637538, "whole_tumor": 0.8782653316618905, "tumor_core": 0.8570382670750694}