{"ED": 0.7710257868766784, "ET": 0.8539101624488831, "N-NE": 0.9022250933647156, "mean": 0.8423870277404785, "whole_tumor": 0.779987802028656, "tumor_core": 0.7697462034225464}