{"ED": 0.7512634334564209, "ET": 0.843314757823944, "N-NE": 0.8908131337165832, "mean": 0.8284637942314148, "whole_tumor": 0.765328118801117, "tumor_core": 0.7531110534667969}