{"ED": 0.7863632245063782, "ET": 0.8664958186149597, "N-NE": 0.9044872469902039, "mean": 0.8524487867355347, "whole_tumor": 0.7997359619140625, "tumor_core": 0.8653132820129394}