{"ED": 0.7860791460862235, "ET": 0.8693680110431853, "N-NE": 0.8943331009811826, "mean": 0.8499267692603762, "whole_tumor": 0.8002412990918235, "tumor_core": 0.788183571800353}