{"ED": 0.7624626870155334, "ET": 0.8748271527290344, "N-NE": 0.9104715738296508, "mean": 0.8492538261413575, "whole_tumor": 0.7826883311271667, "tumor_core": 0.7715109696388245}