{"ED": 0.7569405016899109, "ET": 0.8623068814277649, "N-NE": 0.9067576403617859, "mean": 0.8420016975402832, "whole_tumor": 0.7766988081932068, "tumor_core": 0.7652096333503723}