{"ED": 0.514334911628375, "ET": 0.5779297470100342, "N-NE": 0.6659699919677916, "mean": 0.5860782338986321, "whole_tumor": 0.5115024929954892, "tumor_core": 0.5120788500422523}