{"ED": 0.7689955596923828, "ET": 0.8611970901489258, "N-NE": 0.8990134401321411, "mean": 0.8430687155723572, "whole_tumor": 0.7809750003814697, "tumor_core": 0.7711190156936646}