{"ED": 0.7112261590957641, "ET": 0.8283527431488037, "N-NE": 0.8708108863830566, "mean": 0.803463285446167, "whole_tumor": 0.7271129131317139, "tumor_core": 0.7154172511100769}