{"ED": 0.7249018573760986, "ET": 0.8294969425201416, "N-NE": 0.8495750789642333, "mean": 0.8013246455192566, "whole_tumor": 0.7353420534133911, "tumor_core": 0.725437641620636}