{"ED": 0.7916777848251282, "ET": 0.8731010187239874, "N-NE": 0.9137138733788143, "mean": 0.8594975797902971, "whole_tumor": 0.8080328277179173, "tumor_core": 0.7956708863614097}