{"ED": 0.8136467739703164, "ET": 0.8072361837303828, "N-NE": 0.8499180201500182, "mean": 0.8236003461338225, "whole_tumor": 0.8595370186699761, "tumor_core": 0.8379300898975797}