{"ED": 0.8273254812709869, "ET": 0.8152018582064008, "N-NE": 0.854167606149401, "mean": 0.8322316654144771, "whole_tumor": 0.8729021194435301, "tumor_core": 0.8499720328383975}