{"ED": 0.7457489007049136, "ET": 0.6880960861841837, "N-NE": 0.7707803405466533, "mean": 0.7348751302749391, "whole_tumor": 0.7675978030477252, "tumor_core": 0.757778602460074}