{"ED": 0.7762333483695983, "ET": 0.8838118410110474, "N-NE": 0.909470139503479, "mean": 0.8565051274299622, "whole_tumor": 0.7957482976913453, "tumor_core": 0.881680097579956}