{"ED": 0.7849092999147991, "ET": 0.758749361549105, "N-NE": 0.8100848032368554, "mean": 0.7845811687764668, "whole_tumor": 0.8208599038540371, "tumor_core": 0.8067791130807664}