{"ED": 0.7538900346755981, "ET": 0.8486073951721191, "N-NE": 0.9002395343780517, "mean": 0.834245671749115, "whole_tumor": 0.7651588706970215, "tumor_core": 0.8452224254608154}