{"ED": 0.7412750739899893, "ET": 0.8264048042751494, "N-NE": 0.8910555480018495, "mean": 0.8195784948174916, "whole_tumor": 0.7559385659202696, "tumor_core": 0.7425799492805724}