{"ED": 0.7904941649436951, "ET": 0.8811940259933472, "N-NE": 0.9114521112442017, "mean": 0.8610467834472656, "whole_tumor": 0.812709900856018, "tumor_core": 0.801950502872467}