{"ED": 0.8236966450063009, "ET": 0.8221287471907479, "N-NE": 0.8617466040073879, "mean": 0.8358573525670975, "whole_tumor": 0.8742078798157829, "tumor_core": 0.8544679407089476}