{"ED": 0.7784665369987488, "ET": 0.8842708086967468, "N-NE": 0.9116878352165222, "mean": 0.8581417441368103, "whole_tumor": 0.8020421314239502, "tumor_core": 0.7908980278968811}