{"ED": 0.5046483347415924, "ET": 0.5900136613845826, "N-NE": 0.7173378701210023, "mean": 0.6039999787807464, "whole_tumor": 0.4721584403514862, "tumor_core": 0.47273377871513367}