{"ED": 0.7946173193908873, "ET": 0.8174592937741961, "N-NE": 0.8600624875416831, "mean": 0.8240463837744698, "whole_tumor": 0.8394440478748746, "tumor_core": 0.820002173620557}