{"ED": 0.7259945464134216, "ET": 0.8164326639175415, "N-NE": 0.8808467807769775, "mean": 0.8077580208778381, "whole_tumor": 0.7318997321128845, "tumor_core": 0.7214716782569885}