{"ED": 0.7606717882156372, "ET": 0.8452866630554199, "N-NE": 0.8975728130340577, "mean": 0.8345104422569275, "whole_tumor": 0.7710451674461365, "tumor_core": 0.7608025312423706}