{"ED": 0.7681983728257437, "ET": 0.8664771810410514, "N-NE": 0.8890711021801782, "mean": 0.8412489096323649, "whole_tumor": 0.7822296151093074, "tumor_core": 0.8564868654523577}