{"ED": 0.7067321648597717, "ET": 0.8241887884140014, "N-NE": 0.8638966178894043, "mean": 0.7982725443840026, "whole_tumor": 0.7210351295471191, "tumor_core": 0.7104158625602722}