{"ED": 0.7620075888633728, "ET": 0.850514928817749, "N-NE": 0.8852768058776855, "mean": 0.8325998015403747, "whole_tumor": 0.7699563107490539, "tumor_core": 0.8454024963378907}