{"ED": 0.7953855547904968, "ET": 0.8933770861625672, "N-NE": 0.9213580317497253, "mean": 0.8700402479171753, "whole_tumor": 0.8158799624443054, "tumor_core": 0.8919577074050903}