{"ED": 0.7722439260482789, "ET": 0.8642745232582092, "N-NE": 0.9070351438522339, "mean": 0.8478512177467347, "whole_tumor": 0.7842858576774597, "tumor_core": 0.7742229208946229}