{"ED": 0.7872842692193531, "ET": 0.8713509710062117, "N-NE": 0.9103834823010459, "mean": 0.8563395913631197, "whole_tumor": 0.8075482362792605, "tumor_core": 0.7948068191134741}