{"ED": 0.7999854570343381, "ET": 0.9012330335284037, "N-NE": 0.9200704301160479, "mean": 0.873762993112443, "whole_tumor": 0.8248219499512325, "tumor_core": 0.8128008520792401}