{"ED": 0.7670980195999145, "ET": 0.8758493328094482, "N-NE": 0.9053330450057984, "mean": 0.8494268255233764, "whole_tumor": 0.7895783877372742, "tumor_core": 0.777964693069458}