{"ED": 0.8001970200538635, "ET": 0.8910284104347229, "N-NE": 0.911892870426178, "mean": 0.8677061204910278, "whole_tumor": 0.8149755916595459, "tumor_core": 0.8053348126411438}