{"ED": 0.5111615438461303, "ET": 0.5306680924892425, "N-NE": 0.5354169914722443, "mean": 0.5257488911151886, "whole_tumor": 0.47555987238883973, "tumor_core": 0.4996377012729645}