{"ED": 0.854701386557685, "ET": 0.8409420852623288, "N-NE": 0.8670089760470012, "mean": 0.8542175099017129, "whole_tumor": 0.9010409949317811, "tumor_core": 0.8821774872522505}