{"ED": 0.7851819229125977, "ET": 0.888391266822815, "N-NE": 0.9208108115196229, "mean": 0.8647946901321412, "whole_tumor": 0.805308744430542, "tumor_core": 0.7957813668251038}