{"ED": 0.6389707818863883, "ET": 0.7132374521285768, "N-NE": 0.7955313476305159, "mean": 0.7159132139077262, "whole_tumor": 0.6589474228639451, "tumor_core": 0.643922486002483}