{"ED": 0.7376837158013904, "ET": 0.8306997252835168, "N-NE": 0.868197690872919, "mean": 0.8121937305208237, "whole_tumor": 0.7605068220032586, "tumor_core": 0.7454679447507101}