{"ED": 0.8035259594917298, "ET": 0.8990989055633545, "N-NE": 0.91833722448349, "mean": 0.8736540513038635, "whole_tumor": 0.8280029277801514, "tumor_core": 0.901900288105011}