{"ED": 0.798663829527204, "ET": 0.8914963815893445, "N-NE": 0.9113048381275601, "mean": 0.8671550339176541, "whole_tumor": 0.8211045681484161, "tumor_core": 0.8084211084577773}