{"ED": 0.7833401627540588, "ET": 0.8480952496528625, "N-NE": 0.8984418125152588, "mean": 0.8432924265861511, "whole_tumor": 0.7896072344779969, "tumor_core": 0.7799432587623596}