{"ED": 0.7485864100456238, "ET": 0.8795478649139404, "N-NE": 0.9107863459587097, "mean": 0.8463068947792053, "whole_tumor": 0.7704813323020935, "tumor_core": 0.8789829950332642}