{"ED": 0.7962105193781475, "ET": 0.8861802286571927, "N-NE": 0.9129114728125315, "mean": 0.8651007546318902, "whole_tumor": 0.8196252726373219, "tumor_core": 0.8068158768472218}