{"ED": 0.7811006817817688, "ET": 0.8676030592918396, "N-NE": 0.9007005782127381, "mean": 0.8498014578819275, "whole_tumor": 0.7893528919219971, "tumor_core": 0.779225836277008}