{"ED": 0.7131730275154113, "ET": 0.8387656726837158, "N-NE": 0.8786505618095398, "mean": 0.810196439743042, "whole_tumor": 0.7387955756187439, "tumor_core": 0.7257541055679322}