{"ED": 0.815242693901062, "ET": 0.9004273343086243, "N-NE": 0.919404034614563, "mean": 0.8783580384254456, "whole_tumor": 0.8375735931396484, "tumor_core": 0.9014836001396179}