{"ED": 0.7286054151398795, "ET": 0.8170280546422989, "N-NE": 0.8601319700006455, "mean": 0.801921829817787, "whole_tumor": 0.7443204914766645, "tumor_core": 0.7312397971039727}