{"ED": 0.7951440796852112, "ET": 0.899968376159668, "N-NE": 0.9167497615814209, "mean": 0.8706207566261291, "whole_tumor": 0.819090256690979, "tumor_core": 0.8078041424751282}