{"ED": 0.7899481496810913, "ET": 0.8684010281562805, "N-NE": 0.9110146470069885, "mean": 0.8564546308517456, "whole_tumor": 0.8007128887176513, "tumor_core": 0.7911478176116943}