{"ED": 0.7769669786332145, "ET": 0.8723036769836668, "N-NE": 0.9060659252461933, "mean": 0.8517788809443277, "whole_tumor": 0.7971488544865261, "tumor_core": 0.7843225044863564}