{"ED": 0.7691237044334411, "ET": 0.8831929211616516, "N-NE": 0.912913646697998, "mean": 0.8550767755508423, "whole_tumor": 0.7895892987251282, "tumor_core": 0.7776472239494324}