{"ED": 0.7892524952888489, "ET": 0.8857229704856873, "N-NE": 0.9094752035140992, "mean": 0.8614835786819458, "whole_tumor": 0.8055315341949463, "tumor_core": 0.8838380274772644}