{"ED": 0.7124026942253113, "ET": 0.841464702129364, "N-NE": 0.885099820613861, "mean": 0.8129890909194947, "whole_tumor": 0.7304595799446106, "tumor_core": 0.8338372011184693}