{"ED": 0.72687264919281, "ET": 0.8426895523071289, "N-NE": 0.8933318743705749, "mean": 0.8209647088050842, "whole_tumor": 0.7455691509246826, "tumor_core": 0.7335487260818482}