{"ED": 0.6944562945365905, "ET": 0.8190879731178283, "N-NE": 0.8572293801307678, "mean": 0.7902579050064087, "whole_tumor": 0.7195975174903869, "tumor_core": 0.7053993735313415}