{"ED": 0.8052130951767876, "ET": 0.8990865297733791, "N-NE": 0.921333831927133, "mean": 0.8752111740528591, "whole_tumor": 0.829143898827689, "tumor_core": 0.816936056765299}