{"ED": 0.6500882887840271, "ET": 0.7730294713973999, "N-NE": 0.8246538243293762, "mean": 0.7492572145462036, "whole_tumor": 0.6769669089317322, "tumor_core": 0.6621126856803894}