{"ED": 0.8035476441383362, "ET": 0.893776997089386, "N-NE": 0.9223722519874573, "mean": 0.8732323198318481, "whole_tumor": 0.822335189819336, "tumor_core": 0.8129124388694763}