{"ED": 0.745150322478915, "ET": 0.8700848638065277, "N-NE": 0.9025793903403811, "mean": 0.8392715449371035, "whole_tumor": 0.7652528425530781, "tumor_core": 0.8635207048011204}