{"ED": 0.8079071040153504, "ET": 0.9099783124923706, "N-NE": 0.9256964879035949, "mean": 0.8811939849853515, "whole_tumor": 0.8311526083946228, "tumor_core": 0.8215236201286316}