{"ED": 0.5746151683330536, "ET": 0.6157965846061707, "N-NE": 0.8207303967475891, "mean": 0.6703807368278504, "whole_tumor": 0.5479107167720795, "tumor_core": 0.5482045562267304}