{"ED": 0.8160482110977173, "ET": 0.9124985151290893, "N-NE": 0.9230574760437011, "mean": 0.883868091583252, "whole_tumor": 0.842622163772583, "tumor_core": 0.8317141590118409}