{"ED": 0.612882493270768, "ET": 0.6649588493127672, "N-NE": 0.7593743578782157, "mean": 0.6790719216778165, "whole_tumor": 0.6278994565918332, "tumor_core": 0.6625973000412896}