{"ED": 0.805613143576516, "ET": 0.8103426638103667, "N-NE": 0.8554900558221907, "mean": 0.8238153050816248, "whole_tumor": 0.8533472749922011, "tumor_core": 0.8339396242111449}