{"ED": 0.7572612528800964, "ET": 0.8542634339332581, "N-NE": 0.8918910765647888, "mean": 0.8344719414710998, "whole_tumor": 0.7676956844329834, "tumor_core": 0.7568735814094544}