{"ED": 0.8408056544879127, "ET": 0.8248327497452025, "N-NE": 0.8570921137219384, "mean": 0.8409101986695849, "whole_tumor": 0.8821328154632023, "tumor_core": 0.8656454166722676}