{"ED": 0.7451263995170593, "ET": 0.8544369473457336, "N-NE": 0.8898219547271728, "mean": 0.8297951226234436, "whole_tumor": 0.759253005027771, "tumor_core": 0.8493112497329712}