{"ED": 0.8241947458850013, "ET": 0.8241973278068361, "N-NE": 0.8643542480847192, "mean": 0.8375821283885411, "whole_tumor": 0.871200985851742, "tumor_core": 0.8523872707571302}