{"ED": 0.7997935190200806, "ET": 0.9027719960212708, "N-NE": 0.9189182543754577, "mean": 0.8738279447555543, "whole_tumor": 0.8257391080856323, "tumor_core": 0.8140922675132751}