{"ED": 0.8135766763687133, "ET": 0.9055208797454835, "N-NE": 0.920168436050415, "mean": 0.8797553548812866, "whole_tumor": 0.8374009251594543, "tumor_core": 0.9066715102195739}