{"ED": 0.5889365954399108, "ET": 0.5471963543891907, "N-NE": 0.6047850415706635, "mean": 0.5803060176372528, "whole_tumor": 0.5097637929916382, "tumor_core": 0.5188823366165161}