{"ED": 0.7942356419941735, "ET": 0.7878750117998274, "N-NE": 0.8409318384670076, "mean": 0.8076808542486221, "whole_tumor": 0.8410013720156655, "tumor_core": 0.8169353680005149}