{"ED": 0.6316780927181244, "ET": 0.6455728523731231, "N-NE": 0.6792310295104981, "mean": 0.652160680770874, "whole_tumor": 0.5846922249794007, "tumor_core": 0.5938469729423523}