{"ED": 0.6952726647021279, "ET": 0.8057138820489248, "N-NE": 0.8628098907924834, "mean": 0.7879321660314288, "whole_tumor": 0.7152120858903915, "tumor_core": 0.7012158679583717}