{"ED": 0.6319019732475281, "ET": 0.7722150349617004, "N-NE": 0.7856727223396301, "mean": 0.7299299306869507, "whole_tumor": 0.6617858390808106, "tumor_core": 0.6468072552680969}