{"ED": 0.8224066765535445, "ET": 0.8320708620169807, "N-NE": 0.86778509995294, "mean": 0.8407542355476864, "whole_tumor": 0.8716713928041004, "tumor_core": 0.8523586728270092}