{"ED": 0.749328857421875, "ET": 0.8564222340583801, "N-NE": 0.8939002475738526, "mean": 0.833217131614685, "whole_tumor": 0.7735374774932862, "tumor_core": 0.7613334813117981}