{"ED": 0.7960204033851623, "ET": 0.8715203256607056, "N-NE": 0.9152349190711975, "mean": 0.8609252429008484, "whole_tumor": 0.8031031370162964, "tumor_core": 0.7935503721237183}