{"ED": 0.7871090116954985, "ET": 0.9006362467531174, "N-NE": 0.9186629440103259, "mean": 0.8688027470830887, "whole_tumor": 0.8122358412023575, "tumor_core": 0.7996092046064044}