{"ED": 0.794476842880249, "ET": 0.8990037908554077, "N-NE": 0.9210415682792663, "mean": 0.8715074229240417, "whole_tumor": 0.816751594543457, "tumor_core": 0.8970705895423889}