{"ED": 0.7708995213508606, "ET": 0.8597168836593628, "N-NE": 0.898406883239746, "mean": 0.8430077829360962, "whole_tumor": 0.7787081489562988, "tumor_core": 0.7684771966934204}