{"ED": 0.7689388285553644, "ET": 0.8669309332257226, "N-NE": 0.8970182637373606, "mean": 0.8442960225400471, "whole_tumor": 0.7899760012588803, "tumor_core": 0.7764945238355606}