{"ED": 0.7458553013801574, "ET": 0.8548581681251526, "N-NE": 0.9077485737800598, "mean": 0.8361540331840515, "whole_tumor": 0.7615440001487732, "tumor_core": 0.7517370309829712}