{"ED": 0.6730782739699833, "ET": 0.7696871932536836, "N-NE": 0.821511068987468, "mean": 0.7547588665334005, "whole_tumor": 0.6947709374011509, "tumor_core": 0.6777329903746409}