{"ED": 0.6616807913780213, "ET": 0.7656967315673828, "N-NE": 0.8167634787559509, "mean": 0.748047016620636, "whole_tumor": 0.6820662174224853, "tumor_core": 0.6693303437232971}