{"ED": 0.7359147806167603, "ET": 0.8364319581985473, "N-NE": 0.8799218606948852, "mean": 0.8174228887557984, "whole_tumor": 0.7547840957641602, "tumor_core": 0.7426936101913452}