{"ED": 0.769592589378357, "ET": 0.8634426684379578, "N-NE": 0.9113118872642517, "mean": 0.8481157331466674, "whole_tumor": 0.7788227844238281, "tumor_core": 0.7691985082626343}