{"ED": 0.7950633783189077, "ET": 0.9011575276889499, "N-NE": 0.9226511830375308, "mean": 0.8729573852486081, "whole_tumor": 0.8208488471924312, "tumor_core": 0.8083212791927277}