{"ED": 0.5303409640789032, "ET": 0.574577963590622, "N-NE": 0.6612826778888702, "mean": 0.5887338905334473, "whole_tumor": 0.49853046250343325, "tumor_core": 0.546124559879303}