{"ED": 0.7589595165252686, "ET": 0.8893329820632935, "N-NE": 0.918898787021637, "mean": 0.8557304501533508, "whole_tumor": 0.7809392528533936, "tumor_core": 0.7697967104911804}