{"ED": 0.792700186252594, "ET": 0.8629282541275024, "N-NE": 0.8958295125961304, "mean": 0.850486002445221, "whole_tumor": 0.7965815811157226, "tumor_core": 0.7864363842010498}