{"ED": 0.7961537642478943, "ET": 0.8900865030288696, "N-NE": 0.9187378025054932, "mean": 0.8683260407447815, "whole_tumor": 0.8196859588623047, "tumor_core": 0.8090896811485291}