{"ED": 0.7248320960998536, "ET": 0.8668274917602539, "N-NE": 0.8852549848556519, "mean": 0.8256382102966309, "whole_tumor": 0.7520809645652771, "tumor_core": 0.7387790546417237}