{"ED": 0.6711487979888916, "ET": 0.7495927600860596, "N-NE": 0.7974202375411987, "mean": 0.7393872890472412, "whole_tumor": 0.6758495798110962, "tumor_core": 0.7305668067932128}