{"ED": 0.7538159527778625, "ET": 0.8443063702583313, "N-NE": 0.9033007998466491, "mean": 0.8338077278137207, "whole_tumor": 0.7622641849517823, "tumor_core": 0.7521893553733826}