{"ED": 0.7860320191383362, "ET": 0.8936043844223023, "N-NE": 0.9134747877120971, "mean": 0.8643704195022583, "whole_tumor": 0.8119825439453126, "tumor_core": 0.8008541021347045}