{"ED": 0.7915603471180749, "ET": 0.7873838047186533, "N-NE": 0.8356983515005263, "mean": 0.8048808560484931, "whole_tumor": 0.83391948635616, "tumor_core": 0.8157029028922792}