{"ED": 0.8026983288545457, "ET": 0.8949179952106778, "N-NE": 0.9129102175670957, "mean": 0.8701755328783913, "whole_tumor": 0.8228715118907747, "tumor_core": 0.8893890238943554}