{"ED": 0.7511229572296143, "ET": 0.8480301718711853, "N-NE": 0.8943022980690002, "mean": 0.8311518306732177, "whole_tumor": 0.7637951741218567, "tumor_core": 0.7525969223976136}