{"ED": 0.7379579657600039, "ET": 0.8070099325407118, "N-NE": 0.862016947496505, "mean": 0.8023282994353582, "whole_tumor": 0.7398972903925275, "tumor_core": 0.7269490455824231}