{"ED": 0.6591223826408387, "ET": 0.7242034525871277, "N-NE": 0.7685745434761048, "mean": 0.7173001432418823, "whole_tumor": 0.6003089919090271, "tumor_core": 0.6859553470611572}