{"ED": 0.8051233081817627, "ET": 0.9047118287086486, "N-NE": 0.920546685218811, "mean": 0.8767939562797546, "whole_tumor": 0.8308807559013367, "tumor_core": 0.8198571271896362}