{"ED": 0.8045210218429566, "ET": 0.9102466878890991, "N-NE": 0.921230751991272, "mean": 0.8786661715507508, "whole_tumor": 0.8327047066688538, "tumor_core": 0.8204873547554016}