{"ED": 0.7824697437286376, "ET": 0.8524401016235351, "N-NE": 0.9099389967918396, "mean": 0.8482829666137696, "whole_tumor": 0.7865907649993896, "tumor_core": 0.7768149528503417}