{"ED": 0.6122706470981477, "ET": 0.577464569182623, "N-NE": 0.6988524652662731, "mean": 0.6295292455525625, "whole_tumor": 0.6037074464654165, "tumor_core": 0.6009935124052895}