{"ED": 0.8129662942886352, "ET": 0.895242705821991, "N-NE": 0.9158146066665649, "mean": 0.874674560546875, "whole_tumor": 0.8368480105400086, "tumor_core": 0.8261090421676636}