{"ED": 0.6856980886459351, "ET": 0.8186803941726685, "N-NE": 0.8359426369667053, "mean": 0.7801070613861084, "whole_tumor": 0.7154902591705322, "tumor_core": 0.6997262086868287}