{"ED": 0.8308633556441655, "ET": 0.8200805731235988, "N-NE": 0.8545932906960684, "mean": 0.8351790914459835, "whole_tumor": 0.8774134653901297, "tumor_core": 0.8583757465793973}