{"ED": 0.8047226057052612, "ET": 0.8938429293632507, "N-NE": 0.9202109522819519, "mean": 0.8729255161285401, "whole_tumor": 0.8259926648139954, "tumor_core": 0.895802052974701}