{"ED": 0.801097393989563, "ET": 0.8973335118293763, "N-NE": 0.9190685939788819, "mean": 0.8724998602867127, "whole_tumor": 0.8239282774925232, "tumor_core": 0.8985782523155212}