{"ED": 0.5709239447116852, "ET": 0.5821407859325409, "N-NE": 0.6638775336742401, "mean": 0.6056474404335022, "whole_tumor": 0.5216703593730927, "tumor_core": 0.5255422489643097}