{"ED": 0.7653542122840882, "ET": 0.8660815720558166, "N-NE": 0.8999269051551819, "mean": 0.843787579536438, "whole_tumor": 0.7852035989761352, "tumor_core": 0.773030366897583}