{"ED": 0.7729839138568394, "ET": 0.8755179217883519, "N-NE": 0.8887035964973389, "mean": 0.8457351624965668, "whole_tumor": 0.7961450015741681, "tumor_core": 0.7823903972194308}