{"ED": 0.6807601466178894, "ET": 0.7470309114456177, "N-NE": 0.7971083264350891, "mean": 0.741633150100708, "whole_tumor": 0.6641482715606689, "tumor_core": 0.6605262007713318}