{"ED": 0.7210172045798529, "ET": 0.7913455792835781, "N-NE": 0.8775886320878589, "mean": 0.7966504976862953, "whole_tumor": 0.7359136447073922, "tumor_core": 0.7221918631167639}