{"ED": 0.7597594161033631, "ET": 0.851761061668396, "N-NE": 0.8939263763427734, "mean": 0.835148973941803, "whole_tumor": 0.7753206825256348, "tumor_core": 0.7625776500701904}