{"ED": 0.6070421759098296, "ET": 0.6884455127375466, "N-NE": 0.7322474888392857, "mean": 0.6759117510583665, "whole_tumor": 0.6347712179025015, "tumor_core": 0.6202181071516067}