{"ED": 0.741663375377655, "ET": 0.8599817538261414, "N-NE": 0.9128308029174804, "mean": 0.838158664226532, "whole_tumor": 0.7602460889816284, "tumor_core": 0.7501277184486389}