{"ED": 0.7859311737711467, "ET": 0.8808517555395762, "N-NE": 0.9091695163931165, "mean": 0.858650835733565, "whole_tumor": 0.8039208735738482, "tumor_core": 0.8751176330778334}