{"ED": 0.764256040096283, "ET": 0.8852833623886108, "N-NE": 0.9186583395004273, "mean": 0.8560659322738647, "whole_tumor": 0.7819645118713379, "tumor_core": 0.7724268364906312}