{"ED": 0.7827631511688232, "ET": 0.8941323046684265, "N-NE": 0.9221321835517883, "mean": 0.8663425679206849, "whole_tumor": 0.8008690614700318, "tumor_core": 0.7915870604515076}