{"ED": 0.6402794270515442, "ET": 0.770993727684021, "N-NE": 0.8227315320968628, "mean": 0.7446682496070862, "whole_tumor": 0.670383957862854, "tumor_core": 0.6549803352355957}