{"ED": 0.6784467635646699, "ET": 0.7804713130943359, "N-NE": 0.8288482181609623, "mean": 0.7625887857543098, "whole_tumor": 0.696260859095861, "tumor_core": 0.6810662798465245}