{"ED": 0.7131404673296308, "ET": 0.7918274535073174, "N-NE": 0.8504788478215536, "mean": 0.7851489380238548, "whole_tumor": 0.7180099681256309, "tumor_core": 0.7044757741784292}