{"ED": 0.5177054810523987, "ET": 0.5528187398910522, "N-NE": 0.5395227181911468, "mean": 0.5366823310852051, "whole_tumor": 0.4779044954776764, "tumor_core": 0.4930953326225281}