{"ED": 0.7692973117828369, "ET": 0.8704892454147339, "N-NE": 0.9137704358100891, "mean": 0.8511856813430786, "whole_tumor": 0.7919382462501526, "tumor_core": 0.7807403936386108}