{"ED": 0.7546946519897098, "ET": 0.843901906221632, "N-NE": 0.9007382922702365, "mean": 0.8331116352762494, "whole_tumor": 0.7743904869707804, "tumor_core": 0.7606550265872289}