{"ED": 0.7016812357902527, "ET": 0.8148610033988952, "N-NE": 0.8854690823554993, "mean": 0.800670458316803, "whole_tumor": 0.7191757454872131, "tumor_core": 0.7071330733299256}