{"ED": 0.6661273827628483, "ET": 0.7491991846334367, "N-NE": 0.7977513614154997, "mean": 0.7376926659591614, "whole_tumor": 0.677691934600709, "tumor_core": 0.6673761407534281}