{"ED": 0.7913268508911133, "ET": 0.8916403551101685, "N-NE": 0.9082022738456726, "mean": 0.863723177433014, "whole_tumor": 0.8159875197410583, "tumor_core": 0.8044315314292908}