{"ED": 0.7744657726287841, "ET": 0.8681375799179077, "N-NE": 0.9093796439170837, "mean": 0.8506610217094421, "whole_tumor": 0.7904454307556152, "tumor_core": 0.8680779185295106}