{"ED": 0.7219554800987243, "ET": 0.8436337804794312, "N-NE": 0.8886673951148987, "mean": 0.8180855693817138, "whole_tumor": 0.7429861736297607, "tumor_core": 0.7301622223854065}