{"ED": 0.787996726512909, "ET": 0.8773260650634765, "N-NE": 0.9025682711601257, "mean": 0.8559637088775635, "whole_tumor": 0.8088100590705871, "tumor_core": 0.7968265504837037}