{"ED": 0.773593945980072, "ET": 0.8873776254653931, "N-NE": 0.919308747291565, "mean": 0.8600934581756592, "whole_tumor": 0.7952172837257385, "tumor_core": 0.784088438987732}