{"ED": 0.763133773803711, "ET": 0.8457908277511597, "N-NE": 0.8942212648391724, "mean": 0.8343819742202758, "whole_tumor": 0.7750360088348389, "tumor_core": 0.7627568788528443}