{"ED": 0.5500232572593386, "ET": 0.6430234334298542, "N-NE": 0.6290702455573611, "mean": 0.6073723312408205, "whole_tumor": 0.5842918680300788, "tumor_core": 0.5758438027567334}