{"ED": 0.7742850728034973, "ET": 0.8794016065597534, "N-NE": 0.9088612327575684, "mean": 0.8541826577186584, "whole_tumor": 0.7961117663383483, "tumor_core": 0.7845561008453369}