{"ED": 0.7590770413951268, "ET": 0.8599023284420134, "N-NE": 0.8966199046089536, "mean": 0.8385331134001414, "whole_tumor": 0.7740368440983787, "tumor_core": 0.8529916680048383}