{"ED": 0.6307113699913025, "ET": 0.6888943829536438, "N-NE": 0.7069092679023743, "mean": 0.6755050301551819, "whole_tumor": 0.6283272812366486, "tumor_core": 0.6265340528488159}