{"ED": 0.7250137639045715, "ET": 0.8469710912704468, "N-NE": 0.9004489951133728, "mean": 0.8241446404457092, "whole_tumor": 0.7463404932022095, "tumor_core": 0.7344952282905579}