{"ED": 0.5925679454803466, "ET": 0.7005617718696594, "N-NE": 0.6803661723136902, "mean": 0.6578319849967956, "whole_tumor": 0.6229396903514862, "tumor_core": 0.6728820195198059}