{"ED": 0.575635227892134, "ET": 0.623568436456105, "N-NE": 0.6477957784183441, "mean": 0.615666495429145, "whole_tumor": 0.5748459675482341, "tumor_core": 0.5693424545110218}