{"ED": 0.6628443870544434, "ET": 0.7936628375053406, "N-NE": 0.8539495506286621, "mean": 0.7701522789001465, "whole_tumor": 0.6928091087341308, "tumor_core": 0.6795158438682556}