{"ED": 0.7850732049942016, "ET": 0.8861577363014221, "N-NE": 0.9163787641525268, "mean": 0.8625365905761718, "whole_tumor": 0.8074939322471618, "tumor_core": 0.796584515094757}