{"ED": 0.7029613976478577, "ET": 0.8218146305084228, "N-NE": 0.8802499966621399, "mean": 0.8016753616333008, "whole_tumor": 0.7201915702819824, "tumor_core": 0.7072744188308716}