{"ED": 0.7539260301589966, "ET": 0.8509331588745117, "N-NE": 0.8977592492103577, "mean": 0.8342061696052552, "whole_tumor": 0.7669605693817139, "tumor_core": 0.8497948546409607}