{"ED": 0.7825857815742493, "ET": 0.8599432115554809, "N-NE": 0.9082094588279724, "mean": 0.8502461695671082, "whole_tumor": 0.7876641383171081, "tumor_core": 0.7777607293128967}