{"ED": 0.7958156070709228, "ET": 0.8720203995704651, "N-NE": 0.9008928537368774, "mean": 0.8562429747581481, "whole_tumor": 0.8070712666511536, "tumor_core": 0.8691856756210327}