{"ED": 0.6899555126825968, "ET": 0.823386275579059, "N-NE": 0.8678992508895813, "mean": 0.793747037176102, "whole_tumor": 0.7095801063946315, "tumor_core": 0.6963317223957607}