{"ED": 0.7145637602806091, "ET": 0.8239332060813904, "N-NE": 0.8742111372947693, "mean": 0.8042360553741456, "whole_tumor": 0.7342318162918091, "tumor_core": 0.7222774252891541}