{"epochs": 25, "train_loss": [0.5887111070865166, 0.517584488479915, 0.49247324906899304, 0.4657432385785375, 0.44701833573881977, 0.433511959162063, 0.4261694609405038, 0.4199621056368251, 0.4134589234393038, 0.40953450591978197, 0.4058605416449244, 0.4030729938528971, 0.3993387603593206, 0.3959002779153531, 0.3945516736326579, 0.3913134599993091, 0.3879491746901514, 0.38740193802201583, 0.3839783008227091, 0.382930775542935, 0.3799204214247401, 0.3790558884719651, 0.3781014910477126, 0.37656140565396307, 0.3764634870602461], "valid_loss": [0.5223979983329773, 0.5128528587818145, 0.47733271002769473, 0.45503698086738587, 0.440098402261734, 0.43546757984161377, 0.4260398595333099, 0.41951393866539, 0.41741707372665404, 0.4142796130180359, 0.41233886313438417, 0.40624782657623293, 0.4044975552558899, 0.40512182092666627, 0.4047334213256836, 0.4019357149600983, 0.3969794945716858, 0.396351676940918, 0.39696834969520567, 0.3972571620941162, 0.3936097691059113, 0.39451777267456056, 0.3958789732456207, 0.39291155672073363, 0.39087098169326784]}