{"epochs": 25, "train_loss": [0.6063402277231217, 0.47901492089033126, 0.46206805169582366, 0.45535348123311997, 0.451526542365551, 0.44778597247600554, 0.4445468145608902, 0.4414394179582596, 0.4397873136997223, 0.4355832533240318, 0.43536107224226, 0.43163929307460785, 0.42964962249994276, 0.42614270985126496, 0.4249521654844284, 0.4210848317146301, 0.41932365131378174, 0.4180394544005394, 0.4162251093387604, 0.41539594781398775, 0.41334938621520995, 0.41402029085159303, 0.41094191557168963, 0.40835151040554046, 0.40842291033267974], "valid_loss": [0.5024259083327793, 0.4695772464786257, 0.45828590270072694, 0.4522505445139749, 0.44884157370007227, 0.4470070028115833, 0.4448038987697117, 0.4444740289260471, 0.4407407028807534, 0.4447861855465268, 0.4382934603426192, 0.43864717251724666, 0.43588119792559793, 0.43446726505718536, 0.4339092958068091, 0.43389702387272366, 0.43537441298129065, 0.43238700713430134, 0.43281269120791604, 0.43372681500419735, 0.43118916144446723, 0.4311206984141516, 0.4317488769690196, 0.4300217451084228, 0.430269014031168]}