{"epochs": 25, "train_loss": [0.559103710446767, 0.5137331733208692, 0.4896733488984213, 0.46467581450820206, 0.4440456229055713, 0.4331558901749685, 0.4247108275542954, 0.41914619448894036, 0.4119734509500439, 0.411308965402211, 0.40476420254050616, 0.40023042026632083, 0.39835361937086977, 0.39550942420483587, 0.3921101434145145, 0.3903067073898163, 0.3874583341880235, 0.3876560058541403, 0.3838858669270536, 0.38090735150430494, 0.37929686380479627, 0.3787024665378525, 0.3750347333278009, 0.37494207392195744, 0.37346729558860947], "valid_loss": [0.5204536881446838, 0.5028692557811737, 0.47309508800506594, 0.44821564650535584, 0.44214699578285216, 0.4305561254024506, 0.4196620810031891, 0.41855563259124756, 0.4180064821243286, 0.4083455748558044, 0.40485282254219057, 0.403748423576355, 0.4014475152492523, 0.402252907037735, 0.39850031208992004, 0.39971226239204405, 0.3962814395427704, 0.3963654773235321, 0.3946443316936493, 0.3935804576873779, 0.3921858882904053, 0.3956434679031372, 0.3922094306945801, 0.39349265456199645, 0.38912367486953736]}