{"epochs": 25, "train_loss": [0.6427877707481384, 0.525822944521904, 0.5088647141456604, 0.48114721047878267, 0.4596169183850288, 0.44397144168615343, 0.4305801305174828, 0.42142904168367384, 0.4133920856118202, 0.4078543831110001, 0.40343216437101365, 0.39966097873449324, 0.39648136955499647, 0.39435782873630526, 0.39005491650104523, 0.3885034882426262, 0.3855395417809486, 0.3856068130135536, 0.3815838111639023, 0.38131813031435013, 0.379575492978096, 0.37694590842723846, 0.3768762227296829, 0.3749043802022934, 0.37502766799926757], "valid_loss": [0.5350474658466521, 0.5209345595231132, 0.4938018023967743, 0.4705049222896969, 0.4510185032609909, 0.44935957567086293, 0.4266916170479759, 0.423240993940641, 0.41597737632100545, 0.41164692645035095, 0.40728382482415154, 0.4076412253909641, 0.4023262040009574, 0.4032897622812362, 0.3999380876147558, 0.3986814554248537, 0.4020036492082808, 0.3981199933895989, 0.3948734991607212, 0.3955335986046564, 0.39509592832080903, 0.3936820094074522, 0.39229424345114877, 0.39206310491713264, 0.3928915328449673]}