{"epochs": 25, "train_loss": [0.6450159321288149, 0.524297655461553, 0.5126224324374855, 0.4885604816996409, 0.46721361033216924, 0.4512811275775323, 0.43570226871086926, 0.4265632898864632, 0.4186367723875179, 0.4118836398967012, 0.40729945100948006, 0.4033338714264586, 0.3996460350925575, 0.3974201142668962, 0.3925099186078755, 0.39108123834023695, 0.3887105565109177, 0.3884928767790575, 0.387357725116783, 0.3845199284677258, 0.3833584404158259, 0.38063269443140774, 0.379717436438787, 0.37671817131266144, 0.37530322935052973], "valid_loss": [0.5307618660926818, 0.5195601544380188, 0.5027534272670746, 0.4787768590450287, 0.46860850930213926, 0.44589670991897584, 0.4404971764087677, 0.42740669894218447, 0.4255955970287323, 0.4188936817646027, 0.4163456711769104, 0.4161480042934418, 0.41180007767677307, 0.4112016599178314, 0.40644140863418576, 0.40866119813919066, 0.4044855842590332, 0.4030895743370056, 0.4026741924285889, 0.401563668012619, 0.4007880938053131, 0.4014469313621521, 0.3994186499118805, 0.3990937125682831, 0.40241435408592224]}