{"epochs": 25, "train_loss": [0.6423044493812287, 0.5238952457072016, 0.5183837614849418, 0.5045466491443192, 0.4710799089210952, 0.44686107524854696, 0.4336130789178098, 0.42369352141302263, 0.4180503919452964, 0.41242404047124637, 0.4082048761392544, 0.40329079457861694, 0.4021812938525529, 0.3993470671767008, 0.39580282717645765, 0.39246010732745934, 0.39010800531286444, 0.38772866599812006, 0.38707724469388555, 0.3828062144463172, 0.3813209265411019, 0.3819128920932016, 0.3794800806307269, 0.3772562426066922, 0.3747426920427296], "valid_loss": [0.5297121315002441, 0.5201785154342652, 0.51578307056427, 0.4903396215438843, 0.4628420753479004, 0.44125135231018064, 0.43303218340873717, 0.42764486265182494, 0.42063219165802, 0.42285224413871764, 0.41400719022750854, 0.41081083750724795, 0.40758077311515806, 0.4092154245376587, 0.4032600300312042, 0.40261818623542783, 0.40358039903640747, 0.39835551571846006, 0.4008611824512482, 0.39705587124824526, 0.3981908323764801, 0.3944813485145569, 0.3943107900619507, 0.3968870387077332, 0.3919481728076935]}