{"epochs": 25, "train_loss": [0.6120459570618209, 0.5180633924678414, 0.4982036582367149, 0.46979760784588886, 0.4476899730707119, 0.4337608748210404, 0.42553277578420506, 0.41984380064848176, 0.4130598160321127, 0.41022639473279315, 0.4038140977809053, 0.4007526093019459, 0.3980582932274261, 0.39433714699840355, 0.3929353506265286, 0.3887858152270555, 0.38827662797507173, 0.3869958230835235, 0.38580185603238865, 0.3833971658271706, 0.38139092654525164, 0.3814151404265634, 0.37663468593608834, 0.37670095818128413], "valid_loss": [0.5234977416992187, 0.5114770834445953, 0.4794185531139374, 0.4521976020336151, 0.43502729415893554, 0.42663309574127195, 0.4181620318889618, 0.4148641986846924, 0.41110262084007265, 0.40578112077713013, 0.4043757519721985, 0.4048967318534851, 0.39975997924804685, 0.39638200688362124, 0.3975641884803772, 0.3970250916481018, 0.3938122801780701, 0.39069200825691225, 0.39225160241127016, 0.3888124494552612, 0.3895487153530121, 0.3883852701187134, 0.38697087168693545, 0.3903286733627319]}