{"epochs": 25, "train_loss": [0.6217519066290941, 0.5209154623473238, 0.5047784064582246, 0.47568548207511446, 0.450790078399662, 0.4365075415004037, 0.42619377249729135, 0.4195055862267812, 0.4143385438029162, 0.4096330095550971, 0.4057003810496149, 0.401316735380424, 0.39934914388104586, 0.3951011864011159, 0.3939722832924354, 0.390210747361897, 0.38916471523201157, 0.3851721333767364, 0.3851998227085182, 0.3847761990245945, 0.3808251345407463, 0.38026033570904455, 0.3767743371203988, 0.37719734774497216, 0.37679150557803537], "valid_loss": [0.5259666986465454, 0.5167607274055481, 0.4874378118515015, 0.46174749279022215, 0.4501036469936371, 0.4326272141933441, 0.42525182700157166, 0.421090234041214, 0.41699719524383544, 0.4123074324131012, 0.41186801552772523, 0.408937970161438, 0.40530133843421934, 0.4062299041748047, 0.4005556197166443, 0.4060572683811188, 0.3990306344032288, 0.39970475125312804, 0.39601800799369813, 0.39702930665016173, 0.39727725958824156, 0.3928738241195679, 0.39261709547042845, 0.392885954618454, 0.39271251821517944]}