{"ED": 0.7785947484970093, "ET": 0.8265575823783875, "N-NE": 0.8707630047798157, "mean": 0.8253051333427429, "whole_tumor": 0.8179652271270752, "tumor_core": 0.8480701766014099}