{"ED": 0.7801797027587891, "ET": 0.829911226272583, "N-NE": 0.8673525729179382, "mean": 0.8258145208358765, "whole_tumor": 0.8216887965202332, "tumor_core": 0.847212649345398}