{"ED": 0.8085583472251892, "ET": 0.8426039881706238, "N-NE": 0.8766941742897034, "mean": 0.8426188559532165, "whole_tumor": 0.8486954503059387, "tumor_core": 0.8589322681427002}