{"ED": 0.782824583530426, "ET": 0.8280848941802978, "N-NE": 0.8717893962860107, "mean": 0.8275663061141968, "whole_tumor": 0.827543044090271, "tumor_core": 0.8485440545082092}