{"ED": 0.6768828177452088, "ET": 0.8090059800148011, "N-NE": 0.8671355938911438, "mean": 0.7843414807319641, "whole_tumor": 0.7139821057319641, "tumor_core": 0.8313893675804138}