{"ED": 0.7127872447967529, "ET": 0.790388072013855, "N-NE": 0.8539184880256653, "mean": 0.7856979579925537, "whole_tumor": 0.7504876866340637, "tumor_core": 0.816046621799469}