{"ED": 0.7690741777420044, "ET": 0.826612675189972, "N-NE": 0.8645042805671692, "mean": 0.8200637307167054, "whole_tumor": 0.8124818544387817, "tumor_core": 0.849424557685852}