{"ED": 0.7401045447304135, "ET": 0.8113715738531143, "N-NE": 0.8479891428871761, "mean": 0.7998217741648356, "whole_tumor": 0.7905205866647145, "tumor_core": 0.8311546203635988}