{"ED": 0.7798024878501892, "ET": 0.8309495701789856, "N-NE": 0.8630517082214355, "mean": 0.8246012763977051, "whole_tumor": 0.8208346014022827, "tumor_core": 0.8463316717147827}