{"ED": 0.7584695854187011, "ET": 0.8180908794403077, "N-NE": 0.8695176749229431, "mean": 0.8153593997955322, "whole_tumor": 0.7987441768646241, "tumor_core": 0.840036735534668}