{"ED": 0.7770800628359356, "ET": 0.8231640741938636, "N-NE": 0.8611982043773408, "mean": 0.8204808017564198, "whole_tumor": 0.819186098045773, "tumor_core": 0.8416312781591264}