{"ED": 0.7407182464523921, "ET": 0.8186622172121018, "N-NE": 0.8576256003644731, "mean": 0.8056687092970288, "whole_tumor": 0.7872093073905461, "tumor_core": 0.8395273879406944}