{"ED": 0.7988354597091675, "ET": 0.8411294016838073, "N-NE": 0.8767048001289368, "mean": 0.8388899049758911, "whole_tumor": 0.8432642593383789, "tumor_core": 0.8589087100028991}