{"ED": 0.7287951953827388, "ET": 0.822186565588391, "N-NE": 0.8478306967114645, "mean": 0.7996041708522372, "whole_tumor": 0.7521578584398542, "tumor_core": 0.8098319149206555}