{"ED": 0.7627425060272217, "ET": 0.8116069636344909, "N-NE": 0.8656197185516358, "mean": 0.8133230814933777, "whole_tumor": 0.8064078006744385, "tumor_core": 0.8382051682472229}