{"ED": 0.790998288154602, "ET": 0.8352116255760192, "N-NE": 0.8706487293243408, "mean": 0.8322862334251404, "whole_tumor": 0.8293292427062988, "tumor_core": 0.8512120413780212}