{"ED": 0.7851573810577392, "ET": 0.8273837809562683, "N-NE": 0.8745030813217163, "mean": 0.8290147671699524, "whole_tumor": 0.821226107597351, "tumor_core": 0.8474342231750488}