{"ED": 0.6306379199028015, "ET": 0.8375945963859558, "N-NE": 0.852788854598999, "mean": 0.7736738104820251, "whole_tumor": 0.6297428388595581, "tumor_core": 0.816310610294342}