{"ED": 0.7446779899597168, "ET": 0.8146202230453491, "N-NE": 0.8703989520072937, "mean": 0.8098990731239318, "whole_tumor": 0.7825364155769348, "tumor_core": 0.8408123507499695}