{"ED": 0.7260601749420166, "ET": 0.8170378174781799, "N-NE": 0.860225121974945, "mean": 0.8011077246665954, "whole_tumor": 0.7657468247413636, "tumor_core": 0.8360561461448669}