{"ED": 0.568343466758728, "ET": 0.7815944838523865, "N-NE": 0.8056686940193176, "mean": 0.7185355672836303, "whole_tumor": 0.5477266645431519, "tumor_core": 0.7413178024291992}