{"ED": 0.7876086382865906, "ET": 0.8265774717330933, "N-NE": 0.8706212720870972, "mean": 0.828269151687622, "whole_tumor": 0.8263874697685242, "tumor_core": 0.8485821499824524}