{"ED": 0.7362679129555112, "ET": 0.8009063894786532, "N-NE": 0.8520333421608758, "mean": 0.7964025660166665, "whole_tumor": 0.7796387331826347, "tumor_core": 0.8244314917496273}