{"ED": 0.795948872089386, "ET": 0.8290214462280273, "N-NE": 0.8742531423568726, "mean": 0.8330745058059692, "whole_tumor": 0.8394067735671997, "tumor_core": 0.8479302439689637}