{"ED": 0.7617405304908752, "ET": 0.8286556234359741, "N-NE": 0.8703402242660523, "mean": 0.8202454757690429, "whole_tumor": 0.7997642455101013, "tumor_core": 0.8470479621887207}