{"ED": 0.7320396412932684, "ET": 0.809104300207562, "N-NE": 0.8544340067439609, "mean": 0.7985260075046903, "whole_tumor": 0.7763195851492504, "tumor_core": 0.8294500997142186}