{"ED": 0.7794470171928406, "ET": 0.8304473538398742, "N-NE": 0.8682378807067871, "mean": 0.8260441012382508, "whole_tumor": 0.8263143010139465, "tumor_core": 0.8517442388534546}