{"ED": 0.7667525711059571, "ET": 0.8287174158096313, "N-NE": 0.8697042260169983, "mean": 0.8217247614860534, "whole_tumor": 0.8087194004058837, "tumor_core": 0.8519789624214172}