{"ED": 0.7908309026369973, "ET": 0.8327727213738456, "N-NE": 0.8644329967006804, "mean": 0.8293455593169682, "whole_tumor": 0.8346951135567257, "tumor_core": 0.8491589497952234}