{"ED": 0.776431441783905, "ET": 0.825516387462616, "N-NE": 0.8665665311813354, "mean": 0.8228381400108338, "whole_tumor": 0.823140718460083, "tumor_core": 0.84894646692276}