{"ED": 0.7912087440490723, "ET": 0.8301846675872803, "N-NE": 0.872350811958313, "mean": 0.8312480893135071, "whole_tumor": 0.8340970125198365, "tumor_core": 0.8489548978805542}