{"ED": 0.804921926021576, "ET": 0.8409951257705689, "N-NE": 0.8752502374649048, "mean": 0.8403891177177429, "whole_tumor": 0.8417936239242554, "tumor_core": 0.855263304233551}