{"ED": 0.75935591173172, "ET": 0.8164542875289917, "N-NE": 0.8610249915122986, "mean": 0.8122784156799316, "whole_tumor": 0.7864523577690125, "tumor_core": 0.8190385751724243}