{"ED": 0.7802994980812072, "ET": 0.8264643392562866, "N-NE": 0.8733423972129821, "mean": 0.8267020959854126, "whole_tumor": 0.8202096695899963, "tumor_core": 0.8434235186576843}