{"ED": 0.7840215468406677, "ET": 0.8288261451721192, "N-NE": 0.8703115177154541, "mean": 0.8277197580337524, "whole_tumor": 0.8272916803359985, "tumor_core": 0.8528086066246032}