{"ED": 0.6167684821855455, "ET": 0.8175984488593208, "N-NE": 0.8381121825604212, "mean": 0.7574930522176955, "whole_tumor": 0.6305566538893987, "tumor_core": 0.791456117989525}