{"ED": 0.7823671936988831, "ET": 0.8291885738372803, "N-NE": 0.8675225539207458, "mean": 0.8263594617843628, "whole_tumor": 0.8300874609947204, "tumor_core": 0.8532440972328186}