{"ED": 0.7444092860221863, "ET": 0.8445001249313354, "N-NE": 0.8686875, "mean": 0.8191989898681641, "whole_tumor": 0.7423146915435791, "tumor_core": 0.8338125734329224}