{"ED": 0.7153542900085449, "ET": 0.826969847202301, "N-NE": 0.8621880731582642, "mean": 0.8015040879249573, "whole_tumor": 0.711513147354126, "tumor_core": 0.8161349945068359}