{"ED": 0.7683173565864563, "ET": 0.8209264183044434, "N-NE": 0.8695631294250489, "mean": 0.8196023144721984, "whole_tumor": 0.8090013995170593, "tumor_core": 0.8478816823959351}