{"ED": 0.7481685938835144, "ET": 0.8205376238822937, "N-NE": 0.8586346898078918, "mean": 0.809113651752472, "whole_tumor": 0.7915944986343384, "tumor_core": 0.8404394640922547}