{"ED": 0.7762348780632019, "ET": 0.8307722883224488, "N-NE": 0.8742479438781738, "mean": 0.8270850558280944, "whole_tumor": 0.814854745388031, "tumor_core": 0.8528019270896912}