{"ED": 0.7838449568748475, "ET": 0.8247479572296142, "N-NE": 0.8593937377929688, "mean": 0.8226622376441955, "whole_tumor": 0.8292749881744385, "tumor_core": 0.8430776901245117}