{"ED": 0.7617913813591003, "ET": 0.8250621576309204, "N-NE": 0.8597954063415527, "mean": 0.8155496649742127, "whole_tumor": 0.7898205575942994, "tumor_core": 0.8339710998535156}