{"ED": 0.7320463524924384, "ET": 0.8058573603630066, "N-NE": 0.8476516434124538, "mean": 0.7951851392549182, "whole_tumor": 0.7779147043114617, "tumor_core": 0.8250405040998308}