{"ED": 0.784944736480713, "ET": 0.8355129776000977, "N-NE": 0.8707713632583618, "mean": 0.8304097185134888, "whole_tumor": 0.826369915008545, "tumor_core": 0.8519443540573121}