{"ED": 0.6817893939018249, "ET": 0.7996386880874634, "N-NE": 0.846202917098999, "mean": 0.7758770203590393, "whole_tumor": 0.7306304750442505, "tumor_core": 0.8215819396972657}