{"ED": 0.7491035799980164, "ET": 0.8161919693946839, "N-NE": 0.8696914200782776, "mean": 0.8116623392105102, "whole_tumor": 0.7881391868591309, "tumor_core": 0.8420353150367736}