{"ED": 0.7599006058677794, "ET": 0.8120304483269888, "N-NE": 0.8583681678015088, "mean": 0.810099765894905, "whole_tumor": 0.8010219203101264, "tumor_core": 0.8308371863667927}