{"ED": 0.8035529398918152, "ET": 0.8385158414840699, "N-NE": 0.874107867717743, "mean": 0.8387255721092224, "whole_tumor": 0.8504229912757874, "tumor_core": 0.8597114028930664}