{"ED": 0.7851099423945896, "ET": 0.8306171529822879, "N-NE": 0.8668442373237912, "mean": 0.8275237930199456, "whole_tumor": 0.8303541668823787, "tumor_core": 0.8491315974129571}