{"ED": 0.7810157376622396, "ET": 0.832815643813875, "N-NE": 0.8667043456955562, "mean": 0.8268452650970883, "whole_tumor": 0.8225620630241576, "tumor_core": 0.8476981293587458}