{"ED": 0.766875669002533, "ET": 0.8300634932518005, "N-NE": 0.8717300662994385, "mean": 0.8228897638320923, "whole_tumor": 0.812369266986847, "tumor_core": 0.8504006414413452}