{"ED": 0.7790099623657408, "ET": 0.8265639396886977, "N-NE": 0.857743512543421, "mean": 0.8211058217381674, "whole_tumor": 0.8244718847766755, "tumor_core": 0.8439950767963652}