{"ED": 0.7808389325141907, "ET": 0.8268205804824829, "N-NE": 0.8700430107116699, "mean": 0.825900863647461, "whole_tumor": 0.8206561708450317, "tumor_core": 0.8490309777259827}