{"ED": 0.7683988237380981, "ET": 0.8215739912986756, "N-NE": 0.8650800704956054, "mean": 0.8183509836196899, "whole_tumor": 0.8146730260848999, "tumor_core": 0.8440838723182679}