{"ED": 0.772763072013855, "ET": 0.8305807991027832, "N-NE": 0.866858889579773, "mean": 0.8234009494781495, "whole_tumor": 0.81389417552948, "tumor_core": 0.847289137840271}