{"ED": 0.7790461378097534, "ET": 0.8319354195594788, "N-NE": 0.8716660571098328, "mean": 0.8275492219924927, "whole_tumor": 0.8210177421569824, "tumor_core": 0.8547363233566284}