{"ED": 0.7962457418441773, "ET": 0.8342719497680664, "N-NE": 0.8750386199951172, "mean": 0.8351854586601257, "whole_tumor": 0.8387694540023803, "tumor_core": 0.8544303121566772}