{"ED": 0.6954492473602295, "ET": 0.7991090803146362, "N-NE": 0.8547381467819214, "mean": 0.7830988383293152, "whole_tumor": 0.7386466374397278, "tumor_core": 0.8278609714508056}