{"ED": 0.6363964295387268, "ET": 0.7837066016197205, "N-NE": 0.8356997027397156, "mean": 0.7519342617988587, "whole_tumor": 0.6748125042915344, "tumor_core": 0.7978382878303528}