{"ED": 0.7741575284004212, "ET": 0.8297546329498291, "N-NE": 0.867979012966156, "mean": 0.8239637455940246, "whole_tumor": 0.8205461258888245, "tumor_core": 0.8512152228355407}