{"ED": 0.6216138758659363, "ET": 0.8378751845359802, "N-NE": 0.8601051211357117, "mean": 0.773198082447052, "whole_tumor": 0.6195626876354218, "tumor_core": 0.822814398765564}