{"ED": 0.7796110501289367, "ET": 0.8282402472496033, "N-NE": 0.8711177897453308, "mean": 0.8263230471611023, "whole_tumor": 0.8125440320968628, "tumor_core": 0.8431488604545593}