{"ED": 0.7912477693557739, "ET": 0.82877783203125, "N-NE": 0.866247362613678, "mean": 0.8287576761245727, "whole_tumor": 0.82929545545578, "tumor_core": 0.846479063987732}