{"ED": 0.789458553314209, "ET": 0.8271037502288818, "N-NE": 0.8690389165878296, "mean": 0.8285337586402893, "whole_tumor": 0.8260154752731323, "tumor_core": 0.8446859512329101}