{"ED": 0.7542928004264832, "ET": 0.8291732277870179, "N-NE": 0.8693213262557984, "mean": 0.8175958046913147, "whole_tumor": 0.8010293307304382, "tumor_core": 0.8498340382575988}