{"ED": 0.7933294286727905, "ET": 0.8306891169548035, "N-NE": 0.8722291717529297, "mean": 0.832082594871521, "whole_tumor": 0.8374166917800904, "tumor_core": 0.8495509462356567}