{"ED": 0.6469708223342896, "ET": 0.8346567397117615, "N-NE": 0.833125099182129, "mean": 0.7715842399597168, "whole_tumor": 0.6307164955139161, "tumor_core": 0.7942816338539124}