{"ED": 0.7586495180130005, "ET": 0.8205620641708374, "N-NE": 0.862447108745575, "mean": 0.8138862485885621, "whole_tumor": 0.8003928761482239, "tumor_core": 0.8378360943794251}