{"ED": 0.717787617255771, "ET": 0.8335818908517323, "N-NE": 0.8521349259785244, "mean": 0.8011681650366101, "whole_tumor": 0.710266477531857, "tumor_core": 0.8154938069600908}