{"ED": 0.7455768370628357, "ET": 0.8363802580833435, "N-NE": 0.8657337989807129, "mean": 0.8158969860076905, "whole_tumor": 0.7565022187232971, "tumor_core": 0.830461277961731}