{"ED": 0.6729949119072112, "ET": 0.7693478308972859, "N-NE": 0.8330292928786505, "mean": 0.7584573640709832, "whole_tumor": 0.710125398068201, "tumor_core": 0.7823348669778734}