{"ED": 0.6590657277107239, "ET": 0.8245572156906128, "N-NE": 0.8599225764274597, "mean": 0.7811818599700928, "whole_tumor": 0.6839024062156678, "tumor_core": 0.8132873215675354}