{"ED": 0.783382438004963, "ET": 0.8213637684072767, "N-NE": 0.8509520159827338, "mean": 0.8185660924230304, "whole_tumor": 0.825318005349901, "tumor_core": 0.835642220008941}