{"ED": 0.6445555801391601, "ET": 0.8198759407997132, "N-NE": 0.827219708442688, "mean": 0.763883765220642, "whole_tumor": 0.6329711229801178, "tumor_core": 0.7831440715789795}