{"ED": 0.7446654119491577, "ET": 0.8228053951263428, "N-NE": 0.8610172386169433, "mean": 0.8094960341453552, "whole_tumor": 0.7900118832588195, "tumor_core": 0.8438759074211121}