{"ED": 0.6514982292576442, "ET": 0.7915857694451771, "N-NE": 0.8345850393885658, "mean": 0.7592230320922913, "whole_tumor": 0.6356834111705659, "tumor_core": 0.7669691632664393}