{"ED": 0.766687252998352, "ET": 0.818858585357666, "N-NE": 0.8607565393447876, "mean": 0.8154341459274292, "whole_tumor": 0.8149165143966675, "tumor_core": 0.8422385725975037}