{"ED": 0.7794192657470703, "ET": 0.8238870840072632, "N-NE": 0.8701701126098633, "mean": 0.8244921698570251, "whole_tumor": 0.8193101906776428, "tumor_core": 0.8448120965957642}