{"ED": 0.7713946323394776, "ET": 0.8365746178627014, "N-NE": 0.874822060585022, "mean": 0.8275971188545227, "whole_tumor": 0.8134736051559448, "tumor_core": 0.8559922413825989}