{"ED": 0.7028923815204984, "ET": 0.8034962297432007, "N-NE": 0.85818264739854, "mean": 0.7881904400530315, "whole_tumor": 0.7428627818349808, "tumor_core": 0.8255114167455643}