{"ED": 0.7944542512893676, "ET": 0.8290003643035889, "N-NE": 0.8703504891395569, "mean": 0.8312683868408203, "whole_tumor": 0.8389590802192688, "tumor_core": 0.8502787132263183}