{"ED": 0.7905600705146789, "ET": 0.8400917239189148, "N-NE": 0.8713050775527954, "mean": 0.8339856452941895, "whole_tumor": 0.8309164266586304, "tumor_core": 0.8571718459129334}