{"ED": 0.7747079391479492, "ET": 0.8250276970863343, "N-NE": 0.8744827156066894, "mean": 0.8247394704818726, "whole_tumor": 0.811680772304535, "tumor_core": 0.8453313369750977}