{"epochs": 25, "train_loss": [0.6218619898645702, 0.5172680801974086, 0.5075767734450495, 0.4936605931637054, 0.4815821958159258, 0.4740183826335176, 0.46999073534192676, 0.46720795907422213, 0.46475713487394793, 0.4639806441680162, 0.4623236044676242, 0.4603121335991842, 0.4582432600076565, 0.4571147456378518, 0.4561056241898718, 0.45288318526483107, 0.4525225641960631, 0.4505150991523575, 0.44864433063956316, 0.44719562291385173], "valid_loss": [0.5229686026573181, 0.5130151371955871, 0.501076821565628, 0.4884158062934876, 0.4797892189025879, 0.4725157377719879, 0.469391815662384, 0.4692293927669525, 0.46517241501808165, 0.469273402929306, 0.46350626945495604, 0.4616514868736267, 0.4624178731441498, 0.46065022206306455, 0.4596913254261017, 0.45880333280563357, 0.45986253476142885, 0.45812263774871825, 0.45871141481399536, 0.4594317781925201]}