{"epochs": 25, "train_loss": [0.5833173339476366, 0.5171003113249819, 0.5080483631935424, 0.4908045514852939, 0.47916227936030864, 0.4740395841008413, 0.4707742164472858, 0.4680142856524614, 0.46603775696602173, 0.46512841244419656, 0.46194102961622074, 0.46102595150827647, 0.45955180871986345, 0.457402659925872, 0.45502712317331584, 0.45318305129538516, 0.4519690722524525, 0.4489401595559187, 0.4474994339747819, 0.44557130158304453, 0.4445679295443727, 0.4424691274613439, 0.4407831340016957], "valid_loss": [0.5207122349739075, 0.5140822553634643, 0.4965107083320618, 0.48358079528808595, 0.4826880557537079, 0.4725305263996124, 0.47202157545089724, 0.4705817015171051, 0.4674462552070618, 0.46824159145355226, 0.4657938685417175, 0.4691780860424042, 0.4635547909736633, 0.4630779597759247, 0.462917142868042, 0.46242429184913636, 0.4609452557563782, 0.46286018514633176, 0.460715053319931, 0.46160537004470825, 0.46061393904685977, 0.4615487830638885, 0.46072401666641233]}