{"epochs": 25, "train_loss": [0.6287326707839965, 0.5178774894475937, 0.5105348972678184, 0.4998519649505615, 0.48798124986886976, 0.4792231540083885, 0.47419739294052127, 0.47192323195934294, 0.4690009678602219, 0.4660478907227516, 0.4640345736145973, 0.46203822392225263, 0.45977298682928086, 0.45963907927274705, 0.4583224717378616, 0.4572673960328102, 0.45440386015176776, 0.45450905376672746, 0.45166070145368575, 0.44966955107450485, 0.4480144763588905, 0.4462768957614899, 0.44512671941518783], "valid_loss": [0.5244633285772233, 0.5150293159106422, 0.5079934123962645, 0.4935121214579022, 0.4858580595917172, 0.4792697313759062, 0.47509388720232343, 0.47352157438558246, 0.47151920956278603, 0.4712832688339173, 0.46897152350062415, 0.46881591422217234, 0.46798250504902433, 0.4670010003305617, 0.4669672477812994, 0.4670541286468506, 0.46641213695208233, 0.46556082935560317, 0.46436609020308844, 0.4666389260027144, 0.46541572894368854, 0.4649080608099226, 0.4658818512208878]}