{"epochs": 25, "train_loss": [0.5679618235595688, 0.5127520957987703, 0.504748378982563, 0.49304697369624995, 0.48127852906723934, 0.47479879166075806, 0.47058614695857387, 0.46808197886168124, 0.46562313236400277, 0.46373749790553326, 0.4617405236957078, 0.46043886622031055, 0.45890820341671773, 0.4579785215164611, 0.4544212206633029, 0.4539053294948951, 0.451371838827571, 0.4485371187775435], "valid_loss": [0.5165840139389039, 0.5088880195617675, 0.5015688452720642, 0.4856568884849548, 0.4776502618789673, 0.47101990604400634, 0.4700543291568756, 0.4672730734348297, 0.46690947413444517, 0.4644351818561554, 0.46414066314697267, 0.463374814748764, 0.4631217682361603, 0.46100397896766665, 0.4626942677497864, 0.4613816680908203, 0.4610410146713257, 0.46152449774742127]}