{"epochs": 25, "train_loss": [0.5765974871412722, 0.5163240125793183, 0.5070718178849021, 0.4902948105406618, 0.47794796904166065, 0.4724484224638301, 0.46839776647067116, 0.4660222650526051, 0.46412524801052496, 0.4624907320250056, 0.4606995038286655, 0.45817048969620955, 0.4568523721185749, 0.4559960674026055, 0.4535128066758672, 0.45217903978572394, 0.4498978715218946, 0.44822522420845107, 0.44618810734111153, 0.44375495312218655, 0.4409283953393529], "valid_loss": [0.5214432845115662, 0.5135526823997497, 0.49772490239143374, 0.48311188745498657, 0.47441426587104796, 0.4679247922897339, 0.4670775094032288, 0.4659649004936218, 0.46232803010940554, 0.46010455369949343, 0.4598039176464081, 0.45839475774765015, 0.4589354887008667, 0.45716345810890197, 0.4570301826000214, 0.4583874413967133, 0.4561920795440674, 0.4564927458763123, 0.4569277160167694, 0.4549220404624939, 0.45657989954948425]}