{"ED": 0.8264075832366944, "ET": 0.9007971692085266, "N-NE": 0.891714579820633, "mean": 0.8729731290340423, "whole_tumor": 0.8614003551006317, "tumor_core": 0.9012076890468598}