{"ED": 0.7972590616941452, "ET": 0.8446837756633758, "N-NE": 0.8683326089382172, "mean": 0.8367585010528564, "whole_tumor": 0.8376518867015839, "tumor_core": 0.8489060447216034}