{"ED": 0.7955278972705522, "ET": 0.8758062359346337, "N-NE": 0.8760098294907832, "mean": 0.8491146728337049, "whole_tumor": 0.8298299146363459, "tumor_core": 0.8750885520798276}