{"ED": 0.8179776515960694, "ET": 0.8783476448059082, "N-NE": 0.8737204556465149, "mean": 0.8566819381713867, "whole_tumor": 0.8542102901935578, "tumor_core": 0.8837308628559113}