{"ED": 0.7994891211986542, "ET": 0.8527328357696533, "N-NE": 0.8675829992294312, "mean": 0.8399350044727325, "whole_tumor": 0.8353691477775573, "tumor_core": 0.8505527293682098}