{"ED": 0.8183622326850891, "ET": 0.8726902012825012, "N-NE": 0.8795828461647034, "mean": 0.8568784461021424, "whole_tumor": 0.8530363020896912, "tumor_core": 0.8771759142875671}