{"ED": 0.8173865430355072, "ET": 0.9044449775218963, "N-NE": 0.9074117784500122, "mean": 0.8764144513607025, "whole_tumor": 0.8544691104888916, "tumor_core": 0.9135441591739655}