{"ED": 0.8340612335205078, "ET": 0.8847724716663361, "N-NE": 0.8914870126247406, "mean": 0.8701069259643555, "whole_tumor": 0.8685259873867035, "tumor_core": 0.8887625887393952}