{"ED": 0.75725, "ET": 0.84215625, "N-NE": 0.867125, "mean": 0.822177101612091, "whole_tumor": 0.75515625, "tumor_core": 0.82984375}