{"ED": 0.8004796523971861, "ET": 0.8465414602917979, "N-NE": 0.8670745696204593, "mean": 0.8380319115175194, "whole_tumor": 0.838312574354301, "tumor_core": 0.8442739428751972}