{"ED": 0.8164244921207428, "ET": 0.8847006850242615, "N-NE": 0.8977012383937836, "mean": 0.8662754900455475, "whole_tumor": 0.8550294904708863, "tumor_core": 0.8937587778568268}