{"ED": 0.8208690648078918, "ET": 0.8683908832073212, "N-NE": 0.8746419601440429, "mean": 0.8546339917182922, "whole_tumor": 0.8549600102901459, "tumor_core": 0.8711921157836914}