{"ED": 0.7686082188826633, "ET": 0.848510433003247, "N-NE": 0.8556815376319733, "mean": 0.8242667497866657, "whole_tumor": 0.8151897146882289, "tumor_core": 0.8516601117483649}