{"ED": 0.8377475180473936, "ET": 0.905296152093971, "N-NE": 0.9031586286081261, "mean": 0.8820674547636177, "whole_tumor": 0.8721940887876716, "tumor_core": 0.9131453597688105}