{"ED": 0.8122845360957294, "ET": 0.8657845401193991, "N-NE": 0.8798843862051033, "mean": 0.8526511740874484, "whole_tumor": 0.8522234274096698, "tumor_core": 0.868829372632076}