{"ED": 0.7525625, "ET": 0.83909375, "N-NE": 0.8693125, "mean": 0.820322937965393, "whole_tumor": 0.7500317080020904, "tumor_core": 0.8340625}