{"ED": 0.8034557000398636, "ET": 0.8687109315395355, "N-NE": 0.873692153930664, "mean": 0.8486196157932282, "whole_tumor": 0.8390708022117614, "tumor_core": 0.8707213947772979}