{"ED": 0.7931067674160004, "ET": 0.8304334626197815, "N-NE": 0.8685386414527894, "mean": 0.8306929802894593, "whole_tumor": 0.8282938661575318, "tumor_core": 0.8279935390949249}