{"ED": 0.8255353348255158, "ET": 0.8988028786182404, "N-NE": 0.8968440775871277, "mean": 0.8737274506092072, "whole_tumor": 0.8598120074272155, "tumor_core": 0.9033364176750183}