{"ED": 0.7961514727527876, "ET": 0.8708497927008397, "N-NE": 0.8696934348083587, "mean": 0.8455649222510745, "whole_tumor": 0.8350788744322333, "tumor_core": 0.8720247788258283}