{"ED": 0.5250113815069198, "ET": 0.637722043633461, "N-NE": 0.8445625, "mean": 0.6690986618995667, "whole_tumor": 0.5243633354902267, "tumor_core": 0.6313162472248077}