{"ED": 0.827010027885437, "ET": 0.8875488071441651, "N-NE": 0.8913698852062225, "mean": 0.8686429281234741, "whole_tumor": 0.8644623801708221, "tumor_core": 0.89410102725029}