{"ED": 0.8397747192382813, "ET": 0.8975499367713928, "N-NE": 0.9010106878280639, "mean": 0.8794451327323913, "whole_tumor": 0.8744532334804535, "tumor_core": 0.9056570966243744}