{"ED": 0.828284224903441, "ET": 0.9071787512634855, "N-NE": 0.9032709242338204, "mean": 0.8795779846104018, "whole_tumor": 0.8651652666202104, "tumor_core": 0.9117075869761615}