{"ED": 0.8033171555995942, "ET": 0.846674022436142, "N-NE": 0.8658528044223786, "mean": 0.8386146807670594, "whole_tumor": 0.8406273467540741, "tumor_core": 0.8482726233005524}