{"ED": 0.7913282635211945, "ET": 0.8714005074501038, "N-NE": 0.8722167744636535, "mean": 0.8449818689823151, "whole_tumor": 0.8180213358402252, "tumor_core": 0.8657752075195313}