{"ED": 0.7947748150825501, "ET": 0.8546572504043579, "N-NE": 0.8804472966194152, "mean": 0.8432931418418884, "whole_tumor": 0.8290447742938996, "tumor_core": 0.8550800287723541}