{"ED": 0.8233072254287295, "ET": 0.8828630143427754, "N-NE": 0.8922430371858209, "mean": 0.8661377769542405, "whole_tumor": 0.8586845576050747, "tumor_core": 0.8853757048983023}