{"ED": 0.7677691900730133, "ET": 0.8282790722846984, "N-NE": 0.8691187698841095, "mean": 0.8217223637104034, "whole_tumor": 0.8026233637332916, "tumor_core": 0.8281031494140625}