{"ED": 0.8076990064382553, "ET": 0.8505116519927979, "N-NE": 0.8652897930145264, "mean": 0.8411668362617493, "whole_tumor": 0.8401007041931152, "tumor_core": 0.8491522052288055}