{"ED": 0.8238931046539094, "ET": 0.8911098484024108, "N-NE": 0.8916928744411089, "mean": 0.8688986277675249, "whole_tumor": 0.8644491882913141, "tumor_core": 0.8983360167993493}