{"ED": 0.8178772947788239, "ET": 0.8934778633117676, "N-NE": 0.8870310180187225, "mean": 0.8661287450790405, "whole_tumor": 0.8518395705223083, "tumor_core": 0.8943864207267761}