{"ED": 0.8168923268318177, "ET": 0.8588970806598664, "N-NE": 0.8720131704807281, "mean": 0.8492675480842591, "whole_tumor": 0.8509848608970642, "tumor_core": 0.8595466876029968}