{"ED": 0.8311319832801819, "ET": 0.9008126707077027, "N-NE": 0.9012351312637329, "mean": 0.8777266135215759, "whole_tumor": 0.8656394004821777, "tumor_core": 0.9066639113426208}