{"ED": 0.8013234919309616, "ET": 0.8550293979644775, "N-NE": 0.8719936928749085, "mean": 0.8427822117805481, "whole_tumor": 0.8421367027759552, "tumor_core": 0.859971153974533}