{"ED": 0.8208658616542817, "ET": 0.87938671708107, "N-NE": 0.8893414533138275, "mean": 0.863198032617569, "whole_tumor": 0.8549429516792297, "tumor_core": 0.8841034526824951}