{"ED": 0.8308641953468323, "ET": 0.8983918290138244, "N-NE": 0.8988267645835877, "mean": 0.8760276145935059, "whole_tumor": 0.867762265920639, "tumor_core": 0.9024706466197967}