{"ED": 0.7935844336748124, "ET": 0.8498893294334412, "N-NE": 0.8671514427661896, "mean": 0.8368750882148742, "whole_tumor": 0.8220814706087113, "tumor_core": 0.8452845463752746}