{"ED": 0.8161688940525055, "ET": 0.889801420211792, "N-NE": 0.8823681383132934, "mean": 0.8627795016765595, "whole_tumor": 0.8520410780906678, "tumor_core": 0.8937442674636841}