{"ED": 0.7389831291251924, "ET": 0.8288213373180404, "N-NE": 0.8577320829805625, "mean": 0.8085122011097304, "whole_tumor": 0.7749051180968721, "tumor_core": 0.8218347399358256}