{"ED": 0.8224855704136579, "ET": 0.8735960211411891, "N-NE": 0.8825310064976909, "mean": 0.8595375537397377, "whole_tumor": 0.8626689336214407, "tumor_core": 0.8802478987857165}