{"ED": 0.8335995581150055, "ET": 0.8953985867500305, "N-NE": 0.8964443144798279, "mean": 0.8751475095748902, "whole_tumor": 0.8676455707550049, "tumor_core": 0.9011907920837402}