{"ED": 0.7731856784820557, "ET": 0.8525799641609192, "N-NE": 0.8658699672222138, "mean": 0.8305452215671539, "whole_tumor": 0.8066257700920105, "tumor_core": 0.8507392649650574}