{"ED": 0.811712242603302, "ET": 0.8866905167102813, "N-NE": 0.9001506099700928, "mean": 0.8661844758987427, "whole_tumor": 0.8491980559825897, "tumor_core": 0.8959987514019012}