{"ED": 0.7709044864177704, "ET": 0.8537025873661042, "N-NE": 0.8653326365947723, "mean": 0.8299799242019653, "whole_tumor": 0.7878154196739197, "tumor_core": 0.8435168845653533}