{"ED": 0.7528188076019288, "ET": 0.8401242287158966, "N-NE": 0.8608500857353211, "mean": 0.8179310595989228, "whole_tumor": 0.7721012997627258, "tumor_core": 0.8335141460895539}