{"ED": 0.837675379804406, "ET": 0.9079805239738221, "N-NE": 0.9036859243039591, "mean": 0.883113961770715, "whole_tumor": 0.8721979666516125, "tumor_core": 0.9136176890586002}