{"ED": 0.8098831664323807, "ET": 0.8531733996868134, "N-NE": 0.8704376356601715, "mean": 0.8444980866909028, "whole_tumor": 0.8350951890945435, "tumor_core": 0.8478244791030883}