{"ED": 0.8324901163578033, "ET": 0.9041313142776489, "N-NE": 0.9006174314022064, "mean": 0.8790796418190002, "whole_tumor": 0.8730310397148132, "tumor_core": 0.9118363344669342}