{"ED": 0.8343343017101288, "ET": 0.8997769484519959, "N-NE": 0.9066917128562927, "mean": 0.8802676727771759, "whole_tumor": 0.8694692943096161, "tumor_core": 0.9155306398868561}