{"ED": 0.822145827293396, "ET": 0.8855961298942566, "N-NE": 0.8888345465660096, "mean": 0.8655255243778229, "whole_tumor": 0.8554798316955566, "tumor_core": 0.8894618926048279}