{"ED": 0.8318938267230988, "ET": 0.9019271128177643, "N-NE": 0.8990993342399597, "mean": 0.8776401114463807, "whole_tumor": 0.8617687020301819, "tumor_core": 0.9035958998203277}