{"ED": 0.7530660617351532, "ET": 0.8536311469078064, "N-NE": 0.8652502918243408, "mean": 0.8239825210571289, "whole_tumor": 0.7701086139678955, "tumor_core": 0.8433868503570556}