{"ED": 0.7462649402390438, "ET": 0.8355951195219123, "N-NE": 0.860402141434263, "mean": 0.8140874210581837, "whole_tumor": 0.7450510458167331, "tumor_core": 0.8254482071713147}