{"ED": 0.8031688055992127, "ET": 0.8600324635505676, "N-NE": 0.8731891283988953, "mean": 0.845463485956192, "whole_tumor": 0.8438251538276672, "tumor_core": 0.8662761528491973}