{"ED": 0.7510937501192093, "ET": 0.83909375, "N-NE": 0.8693125, "mean": 0.8198333539962769, "whole_tumor": 0.7486880249977111, "tumor_core": 0.8340625}