{"ED": 0.5589376585483551, "ET": 0.6179186561107636, "N-NE": 0.7379398324489593, "mean": 0.6382653993368149, "whole_tumor": 0.5345307803153991, "tumor_core": 0.5937562220096588}