{"ED": 0.7462649402390438, "ET": 0.8350980721146937, "N-NE": 0.860371015936255, "mean": 0.8139113636605768, "whole_tumor": 0.7447090528875708, "tumor_core": 0.8249510597897716}