{"ED": 0.7828188509941101, "ET": 0.8453228039741516, "N-NE": 0.8644907536506653, "mean": 0.8308774898052216, "whole_tumor": 0.8064341032505036, "tumor_core": 0.8403569130897522}