{"ED": 0.780121992111206, "ET": 0.8454347972869873, "N-NE": 0.8661565747261047, "mean": 0.8305711402893067, "whole_tumor": 0.7991384222507477, "tumor_core": 0.8382210562229157}