{"ED": 0.8359935023784637, "ET": 0.9030464510917664, "N-NE": 0.9006236717700958, "mean": 0.8798878970146179, "whole_tumor": 0.8716672880649566, "tumor_core": 0.9106772818565368}