{"ED": 0.8338693460226059, "ET": 0.9055436682701111, "N-NE": 0.9017008931636811, "mean": 0.880371324300766, "whole_tumor": 0.8678141531944275, "tumor_core": 0.9111593444347381}