{"ED": 0.820686331987381, "ET": 0.893010597705841, "N-NE": 0.905846039056778, "mean": 0.8731810090541839, "whole_tumor": 0.8601624023914337, "tumor_core": 0.9022808837890625}