{"ED": 0.8354577867984772, "ET": 0.9020021164417267, "N-NE": 0.8985252709388732, "mean": 0.8786617419719696, "whole_tumor": 0.8691548202037811, "tumor_core": 0.9096510353088378}