{"ED": 0.8379766204357147, "ET": 0.907866910457611, "N-NE": 0.9054360766410827, "mean": 0.8837598853111267, "whole_tumor": 0.8720321445465088, "tumor_core": 0.9161928009986877}