{"ED": 0.8128829216957092, "ET": 0.8657944474220276, "N-NE": 0.8743590726852417, "mean": 0.8510121648311615, "whole_tumor": 0.8527176816463471, "tumor_core": 0.874655328989029}