{"ED": 0.8346711695194244, "ET": 0.8989544765949249, "N-NE": 0.9007754201889038, "mean": 0.878133707523346, "whole_tumor": 0.8716225302219391, "tumor_core": 0.9081553373336791}