{"ED": 0.7600980840356226, "ET": 0.8493265920426266, "N-NE": 0.8628439689537444, "mean": 0.8240895667874005, "whole_tumor": 0.7839476038735226, "tumor_core": 0.8411789928299497}