{"ED": 0.8297592695951462, "ET": 0.9057766151428223, "N-NE": 0.9095339579582215, "mean": 0.881689968585968, "whole_tumor": 0.8647350387573243, "tumor_core": 0.9128515641689301}