{"ED": 0.8244387233257293, "ET": 0.8715446941852569, "N-NE": 0.8867737610340118, "mean": 0.8609190793037415, "whole_tumor": 0.8607211463451385, "tumor_core": 0.877994462966919}