{"ED": 0.7944967577457428, "ET": 0.8442484312057495, "N-NE": 0.8661678354740143, "mean": 0.8349710278511048, "whole_tumor": 0.8144644535779954, "tumor_core": 0.8362444248199463}