{"ED": 0.7969012627601624, "ET": 0.8593096284866333, "N-NE": 0.8743960070610046, "mean": 0.843535653591156, "whole_tumor": 0.8332576587200164, "tumor_core": 0.8627101738452911}