{"ED": 0.8200860996246337, "ET": 0.8866084816455841, "N-NE": 0.8851281032562256, "mean": 0.8639409165382386, "whole_tumor": 0.8583212208747864, "tumor_core": 0.892707465171814}