{"ED": 0.8297285967139134, "ET": 0.9003567429652727, "N-NE": 0.8974043686551402, "mean": 0.8758299205882616, "whole_tumor": 0.8665809614724846, "tumor_core": 0.9053143697430888}