{"ED": 0.8412501413822174, "ET": 0.9092145941257477, "N-NE": 0.9049256558418274, "mean": 0.88513014960289, "whole_tumor": 0.8723984017372132, "tumor_core": 0.9137607831954956}