{"ED": 0.830028604463752, "ET": 0.901039875361074, "N-NE": 0.8971140641140273, "mean": 0.876060870301676, "whole_tumor": 0.8680110599890173, "tumor_core": 0.9049612846507494}