{"ED": 0.5582633963823318, "ET": 0.643525296330452, "N-NE": 0.7387646284103394, "mean": 0.6468511282205581, "whole_tumor": 0.5387305916547775, "tumor_core": 0.6218080815076829}