{"ED": 0.8217707605361938, "ET": 0.874755336523056, "N-NE": 0.8722232544422149, "mean": 0.8562498033046723, "whole_tumor": 0.8573248121738434, "tumor_core": 0.8796331856250763}