{"ED": 0.8050207797274647, "ET": 0.878404524459307, "N-NE": 0.8856291317369833, "mean": 0.8563514985886228, "whole_tumor": 0.8429197452932715, "tumor_core": 0.8791386254755149}