{"ED": 0.8217645039558411, "ET": 0.8864474773406983, "N-NE": 0.8998279719352722, "mean": 0.8693466734886169, "whole_tumor": 0.8589286284446717, "tumor_core": 0.888300733089447}