{"ED": 0.6754664511680603, "ET": 0.603465626001358, "N-NE": 0.6780235518217087, "mean": 0.6523185621500015, "whole_tumor": 0.5516572018861771, "tumor_core": 0.5794180790185929}