{"ED": 0.8213505899906158, "ET": 0.8836208422183991, "N-NE": 0.8839846041202545, "mean": 0.8629853677749634, "whole_tumor": 0.8559182763099671, "tumor_core": 0.8895199379920959}