{"ED": 0.835273901462555, "ET": 0.9059769513607026, "N-NE": 0.9052570550441742, "mean": 0.8821693224906921, "whole_tumor": 0.8719147183895111, "tumor_core": 0.9148276715278626}