{"ED": 0.8356762745380402, "ET": 0.905667484998703, "N-NE": 0.9035889749526977, "mean": 0.8816442635059357, "whole_tumor": 0.8682626106739044, "tumor_core": 0.9082255961894989}