{"ED": 0.8380905601978302, "ET": 0.9119251797199249, "N-NE": 0.9072395713329315, "mean": 0.8857517912387848, "whole_tumor": 0.8735593328475952, "tumor_core": 0.9181540503501892}