{"ED": 0.8147770102024079, "ET": 0.8736258618831635, "N-NE": 0.8901226680278778, "mean": 0.8595085351467132, "whole_tumor": 0.8530916604995727, "tumor_core": 0.8814356188774108}