{"ED": 0.811743989883666, "ET": 0.8950764337383893, "N-NE": 0.8877388336269029, "mean": 0.8648531073593049, "whole_tumor": 0.8451281916572753, "tumor_core": 0.8937962185814086}