{"ED": 0.8154258539676666, "ET": 0.8742643840312958, "N-NE": 0.8905261585712433, "mean": 0.8600721502304077, "whole_tumor": 0.8538810834884644, "tumor_core": 0.8834607276916504}