{"ED": 0.8309105725288392, "ET": 0.9023698875904084, "N-NE": 0.8954703314304352, "mean": 0.8762502820491791, "whole_tumor": 0.8628279142379761, "tumor_core": 0.9007390260696411}