{"ED": 0.8162847099551167, "ET": 0.8737170095462723, "N-NE": 0.8764289247087274, "mean": 0.8554769020631494, "whole_tumor": 0.8569309433617914, "tumor_core": 0.8798349848781449}