{"ED": 0.8132784547805786, "ET": 0.8568769497871399, "N-NE": 0.8677926914691925, "mean": 0.845982718706131, "whole_tumor": 0.8501315820217132, "tumor_core": 0.8585261611938476}