{"ED": 0.828575513124466, "ET": 0.8833678760528565, "N-NE": 0.8884669096469879, "mean": 0.8668034496307373, "whole_tumor": 0.8647103064060211, "tumor_core": 0.8890556845664978}