{"ED": 0.8029018665552139, "ET": 0.8342987022399903, "N-NE": 0.8685822250843048, "mean": 0.8352609505653381, "whole_tumor": 0.8398586492538452, "tumor_core": 0.8320011315345764}