{"ED": 0.8184888285398483, "ET": 0.9015699381828308, "N-NE": 0.8983454957008362, "mean": 0.8728014416694642, "whole_tumor": 0.852404839515686, "tumor_core": 0.9031097931861878}