{"ED": 0.8016920624026265, "ET": 0.8453120734112196, "N-NE": 0.8607971354784718, "mean": 0.8359337760157795, "whole_tumor": 0.8331862412600878, "tumor_core": 0.8436988475788162}