{"ED": 0.8244786118268966, "ET": 0.9000747826099396, "N-NE": 0.8996620306968689, "mean": 0.8747384967803955, "whole_tumor": 0.85976686668396, "tumor_core": 0.9066033856868744}