{"ED": 0.8288387055416031, "ET": 0.8939976635207219, "N-NE": 0.8971055031297691, "mean": 0.8733139759990799, "whole_tumor": 0.862851226234816, "tumor_core": 0.8954479751358944}