{"ED": 0.8137336225509644, "ET": 0.8851771936416626, "N-NE": 0.8923838098049164, "mean": 0.8637648935317993, "whole_tumor": 0.8641523623466492, "tumor_core": 0.9042128722667694}