{"ED": 0.8282240389352775, "ET": 0.8981182729580488, "N-NE": 0.8956518705147671, "mean": 0.8739980822540374, "whole_tumor": 0.8646085730111931, "tumor_core": 0.9024576081697684}