{"ED": 0.8203361999988555, "ET": 0.8804998428821563, "N-NE": 0.8864943649768829, "mean": 0.8624434912204743, "whole_tumor": 0.8527949340343476, "tumor_core": 0.8829544661045075}