{"ED": 0.8142855243682862, "ET": 0.8799474811553956, "N-NE": 0.8708069114685059, "mean": 0.8550133233070374, "whole_tumor": 0.8512972805500031, "tumor_core": 0.884153361082077}