{"ED": 0.7462649402390438, "ET": 0.8355080668194835, "N-NE": 0.860402141434263, "mean": 0.8140584033323949, "whole_tumor": 0.7449609428287978, "tumor_core": 0.8253598122957693}