{"ED": 0.8368421649932861, "ET": 0.9055483951568604, "N-NE": 0.9009321386814118, "mean": 0.8811075854301452, "whole_tumor": 0.8696037082672119, "tumor_core": 0.9062667031288147}