{"ED": 0.7920398352146149, "ET": 0.877583999156952, "N-NE": 0.8794893889427186, "mean": 0.8497044293880462, "whole_tumor": 0.8273032841682434, "tumor_core": 0.8808630816936492}