{"ED": 0.8221951613863151, "ET": 0.8793117062029135, "N-NE": 0.8865327113178146, "mean": 0.8626798821160517, "whole_tumor": 0.8568797847664213, "tumor_core": 0.8758169825808461}