{"ED": 0.8278187429904937, "ET": 0.8895403006076813, "N-NE": 0.9029015610218049, "mean": 0.8734202208518982, "whole_tumor": 0.8641707110404968, "tumor_core": 0.8930405192375183}