{"ED": 0.780542427778244, "ET": 0.845426923751831, "N-NE": 0.8683300671577454, "mean": 0.8314331548213959, "whole_tumor": 0.8101680796146393, "tumor_core": 0.8475487477779389}