{"ED": 0.8164941789619476, "ET": 0.8574627960820597, "N-NE": 0.8786830334549406, "mean": 0.8508800230178225, "whole_tumor": 0.8550558515278942, "tumor_core": 0.8619660953601518}