{"ED": 0.8024431102275849, "ET": 0.8714354100227356, "N-NE": 0.8909958293437957, "mean": 0.8549581365585327, "whole_tumor": 0.839556025981903, "tumor_core": 0.8718045365810394}