{"ED": 0.8172921576347959, "ET": 0.8870519670357268, "N-NE": 0.8883237974102278, "mean": 0.8642226564456742, "whole_tumor": 0.856150796926354, "tumor_core": 0.8921217426835778}