{"ED": 0.8294411020278931, "ET": 0.9073112041950225, "N-NE": 0.9001087708473205, "mean": 0.8789537131786347, "whole_tumor": 0.8622727808952332, "tumor_core": 0.9079281990528106}