{"ED": 0.8141681772779183, "ET": 0.8753665027865376, "N-NE": 0.8800607321271858, "mean": 0.8565318240112517, "whole_tumor": 0.8486991132872989, "tumor_core": 0.8741299571743999}