{"ED": 0.7462338147410359, "ET": 0.8355951195219123, "N-NE": 0.860402141434263, "mean": 0.8140770458130248, "whole_tumor": 0.7450199203187251, "tumor_core": 0.8254482071713147}