{"ED": 0.7535608797073364, "ET": 0.8486635425090789, "N-NE": 0.8710568108558655, "mean": 0.8244270968437195, "whole_tumor": 0.7628064188957214, "tumor_core": 0.8429263236522675}