{"ED": 0.8147687579531119, "ET": 0.8762855458544545, "N-NE": 0.8888569602453377, "mean": 0.8599704466018069, "whole_tumor": 0.8527692808098052, "tumor_core": 0.8792946868208775}