{"ED": 0.8021036808490754, "ET": 0.8667252488136291, "N-NE": 0.8721129701137543, "mean": 0.8469806509017944, "whole_tumor": 0.8378173143863678, "tumor_core": 0.8668870866298676}