{"ED": 0.808555459022522, "ET": 0.8760769488811493, "N-NE": 0.887150268316269, "mean": 0.8572609138488769, "whole_tumor": 0.8490320765972137, "tumor_core": 0.8849984030723572}