{"ED": 0.8242695310115814, "ET": 0.8839159827232361, "N-NE": 0.887092540025711, "mean": 0.8650927054882049, "whole_tumor": 0.861263533115387, "tumor_core": 0.8899039061069488}