{"ED": 0.8287824792861939, "ET": 0.8888700795173645, "N-NE": 0.9067660167217254, "mean": 0.874806214094162, "whole_tumor": 0.8637212688922882, "tumor_core": 0.8971947226524353}