{"ED": 0.7574375, "ET": 0.84003125, "N-NE": 0.867, "mean": 0.8214896039962769, "whole_tumor": 0.7548125, "tumor_core": 0.832125}