{"ED": 0.8233262614011765, "ET": 0.89331924533844, "N-NE": 0.8949719803333283, "mean": 0.8705391812324524, "whole_tumor": 0.8569960384368897, "tumor_core": 0.8965066576004028}