{"ED": 0.8045667660236359, "ET": 0.8572891411781312, "N-NE": 0.8869893941879272, "mean": 0.849615119934082, "whole_tumor": 0.8303857905864716, "tumor_core": 0.8620746486186981}