{"ED": 0.8167171975374222, "ET": 0.8911589550971984, "N-NE": 0.8880589165687561, "mean": 0.8653117094039917, "whole_tumor": 0.8575964651107788, "tumor_core": 0.9021121542453766}