{"ED": 0.7869940764904022, "ET": 0.8541812286376953, "N-NE": 0.873108012676239, "mean": 0.83809445977211, "whole_tumor": 0.824087384223938, "tumor_core": 0.8565555238723754}