{"ED": 0.8285656576156616, "ET": 0.8940003833770752, "N-NE": 0.8926254272460937, "mean": 0.8717305083274841, "whole_tumor": 0.8635312285423279, "tumor_core": 0.8989858231544494}