{"ED": 0.8096484577513311, "ET": 0.864132056198272, "N-NE": 0.8740131935750346, "mean": 0.8492645870641883, "whole_tumor": 0.8453946125459861, "tumor_core": 0.8669571133248835}