{"ED": 0.8220840146541596, "ET": 0.8942697997093201, "N-NE": 0.8992683587074279, "mean": 0.8718740801811218, "whole_tumor": 0.8582799906730652, "tumor_core": 0.8983003656864166}