{"ED": 0.8166702814102172, "ET": 0.8884312660694123, "N-NE": 0.9004149658679962, "mean": 0.8685055251121521, "whole_tumor": 0.8531019315719605, "tumor_core": 0.8968628001213074}