{"ED": 0.8137734100163221, "ET": 0.8670836205026543, "N-NE": 0.8670970182494814, "mean": 0.8493180336705242, "whole_tumor": 0.8511860928687441, "tumor_core": 0.8678906892400339}