{"ED": 0.8067604239243436, "ET": 0.8783427222791421, "N-NE": 0.8766153269554989, "mean": 0.8539061783794388, "whole_tumor": 0.842504197382832, "tumor_core": 0.8788747265044436}