{"ED": 0.8362238512039185, "ET": 0.9069962151050568, "N-NE": 0.9071826643943787, "mean": 0.8834675970077515, "whole_tumor": 0.8703914904594421, "tumor_core": 0.9131430232524872}