{"ED": 0.5667720350373788, "ET": 0.5725952680129929, "N-NE": 0.7056197562065732, "mean": 0.6149957067225559, "whole_tumor": 0.5288701730657859, "tumor_core": 0.5633246125690491}