{"ED": 0.8199416888187606, "ET": 0.8979395979429147, "N-NE": 0.8939921086527912, "mean": 0.8706244857187765, "whole_tumor": 0.8609412530978837, "tumor_core": 0.909232693126952}