{"ED": 0.8112182237237573, "ET": 0.8890537524603278, "N-NE": 0.8903939370140136, "mean": 0.8635553249799873, "whole_tumor": 0.8418097743000167, "tumor_core": 0.8881018261510537}