{"ED": 0.7986863527297974, "ET": 0.8372862327098847, "N-NE": 0.860656877040863, "mean": 0.8322098388671875, "whole_tumor": 0.8404097032546997, "tumor_core": 0.8418217117786407}