{"ED": 0.75246875, "ET": 0.83909375, "N-NE": 0.8693125, "mean": 0.8202916877269745, "whole_tumor": 0.74996875, "tumor_core": 0.8340625}