{"ED": 0.7973261198997498, "ET": 0.8724879786968232, "N-NE": 0.8852027356624603, "mean": 0.8516722974777222, "whole_tumor": 0.8353308317661285, "tumor_core": 0.881734488248825}