{"ED": 0.8211676664352417, "ET": 0.8770748143196105, "N-NE": 0.8938757758140564, "mean": 0.8640394403934478, "whole_tumor": 0.8580826485157013, "tumor_core": 0.8912416074275971}