{"ED": 0.7925617113056411, "ET": 0.8432982867932415, "N-NE": 0.8595558174577842, "mean": 0.8318052928286245, "whole_tumor": 0.8192790858299134, "tumor_core": 0.8382214039445398}