{"ED": 0.745679695292773, "ET": 0.8561764575570703, "N-NE": 0.8636167925667477, "mean": 0.8218243340572038, "whole_tumor": 0.7733888813698909, "tumor_core": 0.8508369982005115}