{"ED": 0.8137696319818497, "ET": 0.8633613917827606, "N-NE": 0.8710686113834382, "mean": 0.8493998994827271, "whole_tumor": 0.843219251871109, "tumor_core": 0.858772078037262}