{"ED": 0.811668868796284, "ET": 0.8694889927765288, "N-NE": 0.8757136138786833, "mean": 0.8522905130310362, "whole_tumor": 0.8504113042022128, "tumor_core": 0.8748291927979762}