{"ED": 0.833458949804306, "ET": 0.8885950405597687, "N-NE": 0.8999032447338104, "mean": 0.8739857671260833, "whole_tumor": 0.8671299917697907, "tumor_core": 0.8922258477210998}