{"ED": 0.5579372018575668, "ET": 0.6836528121232986, "N-NE": 0.7180803380012513, "mean": 0.6532234708070755, "whole_tumor": 0.5440033973455429, "tumor_core": 0.6388735288381576}