{"ED": 0.8240394425392151, "ET": 0.8746509206295013, "N-NE": 0.8974533965587616, "mean": 0.8653812725543976, "whole_tumor": 0.8628542673587799, "tumor_core": 0.8831108851432801}