{"ED": 0.7556251270771026, "ET": 0.8397812800407409, "N-NE": 0.8669086484909058, "mean": 0.8207717051506043, "whole_tumor": 0.7530388448238373, "tumor_core": 0.8318398759365082}