{"ED": 0.8000869691609387, "ET": 0.8448860422073607, "N-NE": 0.8650249119298866, "mean": 0.8366659958049121, "whole_tumor": 0.8369134590920224, "tumor_core": 0.8439320686803871}