{"ED": 0.8094906833067358, "ET": 0.8819921793215778, "N-NE": 0.8832477967577627, "mean": 0.85824357062222, "whole_tumor": 0.8438037785875845, "tumor_core": 0.8823102413420658}