{"ED": 0.8349800310134887, "ET": 0.9014380230903626, "N-NE": 0.9054616885185242, "mean": 0.8806266024112701, "whole_tumor": 0.8681255316734314, "tumor_core": 0.9092008321285248}