{"ED": 0.81413929605484, "ET": 0.8801140875816346, "N-NE": 0.8851162061691284, "mean": 0.8597898831367493, "whole_tumor": 0.8558186120986938, "tumor_core": 0.8873795914649963}