{"ED": 0.8080658683776856, "ET": 0.8765518271923065, "N-NE": 0.8737037584781647, "mean": 0.8527738361358642, "whole_tumor": 0.8395463578701019, "tumor_core": 0.8706688075065613}