{"ED": 0.8170248560905456, "ET": 0.8838655717372894, "N-NE": 0.8822677576541901, "mean": 0.8610527493953705, "whole_tumor": 0.8512542243003846, "tumor_core": 0.887579066991806}