{"ED": 0.8014478009060559, "ET": 0.851663823146744, "N-NE": 0.8689910759963837, "mean": 0.8407009203595469, "whole_tumor": 0.8397140341450968, "tumor_core": 0.8555256429896412}