{"ED": 0.8245674962997437, "ET": 0.8909191489219666, "N-NE": 0.8968388218879699, "mean": 0.8707751755714417, "whole_tumor": 0.8620477228164672, "tumor_core": 0.8989068996906281}