{"ED": 0.8185557284355164, "ET": 0.8826508395671845, "N-NE": 0.8911154723167419, "mean": 0.8641073677539826, "whole_tumor": 0.8584357588291168, "tumor_core": 0.8933263335227967}