{"ED": 0.7744251170158386, "ET": 0.8406685166358948, "N-NE": 0.8687648785114288, "mean": 0.8279528527259826, "whole_tumor": 0.8030665988922119, "tumor_core": 0.8401895034313202}