{"ED": 0.8352161520030869, "ET": 0.9059957721793794, "N-NE": 0.9034948562720857, "mean": 0.8815689483486798, "whole_tumor": 0.867211851940687, "tumor_core": 0.9139991314762617}