{"ED": 0.8013301180653363, "ET": 0.8492961226706486, "N-NE": 0.8640534958516459, "mean": 0.8382265990473835, "whole_tumor": 0.8334669378174253, "tumor_core": 0.8432421461044555}