{"ED": 0.8356689176711428, "ET": 0.9045897000339401, "N-NE": 0.8981263996120468, "mean": 0.8794616895367899, "whole_tumor": 0.8723591941286368, "tumor_core": 0.9126159192556405}