{"ED": 0.7575625, "ET": 0.84003125, "N-NE": 0.867, "mean": 0.8215312707424164, "whole_tumor": 0.75490625, "tumor_core": 0.832125}