{"ED": 0.75740625, "ET": 0.8413419337272644, "N-NE": 0.86709375, "mean": 0.8219473290443421, "whole_tumor": 0.7546355516910553, "tumor_core": 0.8290258226394653}