{"ED": 0.8298717513084412, "ET": 0.8933975043296813, "N-NE": 0.8990410704612732, "mean": 0.8741034581661224, "whole_tumor": 0.8655162436962127, "tumor_core": 0.9000217909812928}