{"ED": 0.8335983979701996, "ET": 0.9004137845039367, "N-NE": 0.903056521654129, "mean": 0.8790229215621949, "whole_tumor": 0.8666946909427643, "tumor_core": 0.903793164730072}