{"ED": 0.816501776099205, "ET": 0.8642348568439484, "N-NE": 0.869019572019577, "mean": 0.8499187560081481, "whole_tumor": 0.8454501395225524, "tumor_core": 0.8623042407035828}