{"ED": 0.8279174022465589, "ET": 0.9034298774730637, "N-NE": 0.8989023578119468, "mean": 0.8767499009451544, "whole_tumor": 0.8631332105849369, "tumor_core": 0.9064178706640267}