{"ED": 0.8273789284229278, "ET": 0.9075656688213348, "N-NE": 0.9041148805618286, "mean": 0.8796865096092225, "whole_tumor": 0.8603957300186157, "tumor_core": 0.9138437168598175}