{"ED": 0.8338703148365021, "ET": 0.9057668898105621, "N-NE": 0.9086361920833588, "mean": 0.8827578189373017, "whole_tumor": 0.8693412656784058, "tumor_core": 0.9162528855800629}