{"ED": 0.75728125, "ET": 0.8400625, "N-NE": 0.867, "mean": 0.8214479372501373, "whole_tumor": 0.7546875, "tumor_core": 0.83215625}