{"ED": 0.824742261869499, "ET": 0.8933552904907925, "N-NE": 0.8947058766486635, "mean": 0.870934495412971, "whole_tumor": 0.8621920195233774, "tumor_core": 0.8970687159029136}