{"ED": 0.6593786779627857, "ET": 0.7029819702247224, "N-NE": 0.8021384323260699, "mean": 0.7214997149558656, "whole_tumor": 0.6125097958690142, "tumor_core": 0.6824555983581391}