{"ED": 0.8136844107829242, "ET": 0.8856786437243579, "N-NE": 0.8947071316707657, "mean": 0.8646900834315326, "whole_tumor": 0.8487026912282662, "tumor_core": 0.8836265553041284}