{"ED": 0.8171115869069955, "ET": 0.8940013616208536, "N-NE": 0.8925476544406784, "mean": 0.8678868864162035, "whole_tumor": 0.8544612923466351, "tumor_core": 0.89470436895986}