{"ED": 0.8224017412662507, "ET": 0.8959660322666169, "N-NE": 0.8938703854084015, "mean": 0.8707460739612579, "whole_tumor": 0.8591551992893219, "tumor_core": 0.9030182955265045}