{"epochs": 25, "train_loss": [0.5658740213700941, 13778.5372957121, 16342.064274592594, 19019.268742975775, 20793.57420704296, 20136.059814209228, 19167.623724907906, 19364.93616929945, 20258.47950389454, 20648.649358454048, 21934.68287376686, 23856.9721567495, 24331.422088653533, 23390.04478626842, 23241.519001506305, 25652.43399861857, 25996.755582308317, 26884.448725103022, 26015.506691550636, 27230.0384586117, 29362.582953179633, 28564.862871503497, 27555.155672452547, 29809.04225364479, 29077.87287614729], "valid_loss": [0.5183448181152344, 0.5343014187812806, 0.5335874538421631, 0.5066881870031357, 0.5037628245353699, 0.49759726774692536, 0.49330279111862185, 0.4877835223674774, 0.4899784117937088, 0.48054556465148923, 0.4795810141563416, 0.48127476584911344, 0.47665072584152224, 0.47023916971683505, 0.47034124076366424, 0.46849722671508787, 0.46723885905742646, 0.473190678358078, 0.4742015482187271, 0.4698949053287506, 0.46139345288276673, 0.46147872269153595, 0.45679823935031894, 0.4756937929391861, 0.45858813893795014]}