{"epochs": 25, "train_loss": [0.5881101222305031, 18020.162177666083, 16989.739821701736, 16010.313033646042, 14690.75119802073, 13784.428074854834, 13106.350910807942, 13071.09771283404, 13252.431163563, 12286.576659668457, 12816.761483633554, 12958.874116118257, 13178.10362586632, 13604.34423974463, 14038.266785948426, 14181.34793721903, 15280.75085656531, 16000.142589832043, 17074.109160370877, 16954.032408997253, 17954.978858056005, 18271.058335219466, 19820.081207854644, 20103.855612161275, 20664.65129401848], "valid_loss": [0.5168689968585968, 0.5374979503154754, 0.5337688667774201, 0.5102270818948745, 0.5068448419570923, 0.5123666926622391, 0.4921610940694809, 0.499652837395668, 0.4853142119646072, 0.4830338319540024, 0.48300612342357635, 0.4773696500062943, 0.4721020028591156, 0.47598653948307035, 0.4804560694694519, 0.4686924433708191, 0.4663413710594177, 0.4659689956903458, 0.4673575644493103, 0.4596770143508911, 0.4602081422805786, 0.4614476764202118, 0.4660189566612244, 0.46309725737571716, 0.4576374942064285]}