{"epochs": 25, "train_loss": [0.5850673665652623, 17770.50478818057, 17661.126825323114, 17665.529915397103, 15882.313840456418, 15144.149770151724, 15054.314136059253, 14973.991785558192, 14835.256322778783, 15533.270312695118, 16045.208706332729, 16851.33771111701, 16566.547816441373, 18098.16406932911, 18066.15855726305, 18463.03601964442, 18801.062644386864, 21002.462970623128, 20906.583142443495, 21343.695950533842, 23525.652304726522, 23532.590111060814, 23618.890194766172, 23631.14170302354, 26530.406963154033], "valid_loss": [0.5193858189582825, 0.5401094048023224, 0.540383394241333, 0.5200578539371491, 0.5093454169034958, 0.5060484397411347, 0.4995538215637207, 0.49416137182712555, 0.4976820672750473, 0.4898877326250076, 0.48241809332370755, 0.4814434480667114, 0.48100654292106626, 0.4960223764181137, 0.47392971396446226, 0.47712022948265076, 0.4770192396640778, 0.47835164904594424, 0.4794946447610855, 0.4781370897293091, 0.46975152850151064, 0.46971925246715546, 0.4699635108709335, 0.4704700220823288, 0.4615953015089035]}