{"epochs": 25, "train_loss": [0.5815394573754721, 20098.803576306505, 19581.151536939622, 18438.201409918205, 17832.68855265828, 18783.91662829358, 18259.712627216533, 16420.422700346528, 16845.81088150131, 16447.13480367289, 16684.584488753433, 17327.41640390859, 19083.06868814779, 20534.45745465472, 21802.295872096653, 22140.83862719312, 22566.98751248751, 24385.066483321367, 24952.907579724964, 25391.04789253715, 27128.12666532686, 29324.637140203547, 28631.379202828422, 32044.190807239636, 32681.08619700612], "valid_loss": [0.5204714870452881, 0.5348595576286316, 0.5380523602962494, 0.5189833308458328, 0.5090250482559204, 0.4954641057252884, 0.4942361063957214, 0.4983028565645218, 0.4900955719947815, 0.49439721047878266, 0.48635511100292206, 0.4839449065923691, 0.4797955416440964, 0.4822649340629578, 0.489626356959343, 0.47958505403995516, 0.4739051126241684, 0.4707576494216919, 0.47452687048912046, 0.47057348465919496, 0.4651386548280716, 0.4678099318742752, 0.4638005938529968, 0.46668740260601044, 0.45901757323741915]}