{"epochs": 25, "train_loss": [0.6186083472073078, 13343.8154375, 14664.695052734374, 15748.656048828125, 15531.054413085938, 15625.794694335938, 16617.823837890624, 16619.580376953127, 17061.7237890625, 17611.80072265625, 18415.795862304687, 20714.634001953124, 20874.77221484375, 21327.162431640623, 22201.879173828125, 23673.63201660156, 24536.386934570313, 24273.128298828124, 23865.715413085938, 23608.89026464844, 24312.864092773438, 24477.541763671874, 24976.748390625, 25288.541390625, 27709.546110351563], "valid_loss": [0.5159417218658554, 0.5422517859128367, 0.5393542281659951, 0.5090037822960858, 0.5136301515111885, 0.49170481600609434, 0.49159661315351844, 0.4935003079741125, 0.48485955821565424, 0.48239969922251913, 0.4821714357550876, 0.48457517650022924, 0.48004936352669003, 0.484054103671792, 0.48031293502841815, 0.4653183062712985, 0.4699590601531633, 0.46448204467496074, 0.46362099621400416, 0.4799876342494174, 0.462764501809124, 0.4677959154564071, 0.45744353022233425, 0.457127747782673, 0.45504743240743994]}