{"epochs": 25, "train_loss": [0.5782535952925683, 21690.11869921875, 20562.24429296875, 19508.213603515625, 18538.60904394531, 17430.165994140625, 18043.342182617187, 19260.29942089844, 19468.610208007813, 19539.196375976564, 19054.232765625, 18671.81533203125, 21153.820908203124, 19971.66222363281, 20860.838262695313, 21749.922197265623, 21945.255943359374, 20904.62217480469, 23046.496663085938, 23083.657086914063, 24599.838171875, 24394.446477539062, 24100.924106445313, 22397.0300703125, 24218.4907890625], "valid_loss": [0.5203491741442585, 0.5420106221955135, 0.5393703064595561, 0.5164119297289753, 0.5003200303985778, 0.49884477091500484, 0.49430992760031345, 0.4963411736298367, 0.49220172876855767, 0.48499753382576416, 0.4919549508161279, 0.4820472454407301, 0.48634253519464776, 0.4744991933207113, 0.48437872303434576, 0.4752904568535398, 0.47848576699120116, 0.4745765922079048, 0.46910886092489934, 0.4633028521480788, 0.47939407018076374, 0.46888359751834335, 0.4787043456537315, 0.4602311906586605, 0.4556254324210118]}