{"epochs": 25, "train_loss": [0.5701318822659693, 21190.14795751124, 23717.020807317684, 24445.971501155094, 21474.618058699114, 19663.810046398914, 19907.66236205201, 20251.25310431756, 18746.426863175886, 19337.821305647478, 19524.473622081045, 18092.01039780532, 18803.6807684503, 18662.71207210758, 19153.555211390172, 20123.81455068369, 20490.636774358452, 19382.217695390547, 21430.038273250186, 23089.27143364448, 22451.66430249438, 24770.006352046392, 25049.202672327672, 24694.15515051355, 25653.11276223776], "valid_loss": [0.5219380536079407, 0.5380887005329132, 0.5411723139286041, 0.5411712126731872, 0.5082381439208984, 0.49914088106155396, 0.49513973605632783, 0.49510451591014865, 0.49148420917987823, 0.4905637983083725, 0.4905232348442078, 0.47275157284736635, 0.4931844891309738, 0.4872201006412506, 0.47467312967777253, 0.4654011479616165, 0.47295683777332304, 0.4681867275238037, 0.45847174525260925, 0.46552292799949646, 0.45867649126052856, 0.45621583580970765, 0.462525706410408, 0.4691114811897278, 0.45531571853160857]}