{"ED": 0.6090094984769822, "ET": 0.6277729004621506, "N-NE": 0.7582976503372192, "mean": 0.6650266984701156, "whole_tumor": 0.5578038865327835, "tumor_core": 0.6098015865087509}