{"ED": 0.7677977290153504, "ET": 0.8489420330524444, "N-NE": 0.8664044070243836, "mean": 0.8277147438526153, "whole_tumor": 0.7767602949142456, "tumor_core": 0.7747881753444672}