{"ED": 0.8216302084922791, "ET": 0.8885478324890137, "N-NE": 0.8746168479919434, "mean": 0.8615983152389526, "whole_tumor": 0.8590430724620819, "tumor_core": 0.8983290138244628}