{"ED": 0.8069236834049225, "ET": 0.8601546726226806, "N-NE": 0.8702056534290313, "mean": 0.8457613577842712, "whole_tumor": 0.8393738324642182, "tumor_core": 0.8591797940731049}