{"ED": 0.799140746831894, "ET": 0.8665190284252167, "N-NE": 0.8690768184661866, "mean": 0.8449122169017792, "whole_tumor": 0.8345805871486663, "tumor_core": 0.8628747642040253}