{"ED": 0.8391227569580079, "ET": 0.9082647142410278, "N-NE": 0.8990379478931427, "mean": 0.8821418251991272, "whole_tumor": 0.8724664735794068, "tumor_core": 0.9085397026538848}