{"ED": 0.8329114701747894, "ET": 0.9020965216159821, "N-NE": 0.8962617495059967, "mean": 0.8770899310111999, "whole_tumor": 0.8691675667762756, "tumor_core": 0.9057623257637024}