{"ED": 0.75734375, "ET": 0.841875, "N-NE": 0.867125, "mean": 0.8221146023273468, "whole_tumor": 0.7548125, "tumor_core": 0.8295625}