{"ED": 0.8354489593505859, "ET": 0.8979033312797546, "N-NE": 0.8928355004787445, "mean": 0.8753959517478943, "whole_tumor": 0.8688396785259247, "tumor_core": 0.9035465385913849}