{"ED": 0.8087203269935699, "ET": 0.8694803349050393, "N-NE": 0.8769056868268199, "mean": 0.8517021299358383, "whole_tumor": 0.8467586406198631, "tumor_core": 0.8701048623993102}