{"ED": 0.8084798445701599, "ET": 0.8600148520469666, "N-NE": 0.8782895209789277, "mean": 0.8489280936717987, "whole_tumor": 0.8399641289710998, "tumor_core": 0.8578346931934356}