{"ED": 0.754125, "ET": 0.840375, "N-NE": 0.8730625, "mean": 0.8225208518505096, "whole_tumor": 0.75246875, "tumor_core": 0.75278125}