{"ED": 0.8277160760415978, "ET": 0.8983641661020864, "N-NE": 0.8942961937402824, "mean": 0.8734588292965376, "whole_tumor": 0.8610761799660337, "tumor_core": 0.8984239063414919}