{"ED": 0.8203579390048981, "ET": 0.8908714156150818, "N-NE": 0.8983856897354126, "mean": 0.8698717002868652, "whole_tumor": 0.8507444326877593, "tumor_core": 0.8913161120414734}