{"ED": 0.8260782444144625, "ET": 0.9005671739578247, "N-NE": 0.8941600572065528, "mean": 0.8736018443487555, "whole_tumor": 0.8604017099536273, "tumor_core": 0.9025790062083666}