{"ED": 0.8061458558675303, "ET": 0.8835857638799812, "N-NE": 0.8847043891826949, "mean": 0.8581453552284088, "whole_tumor": 0.8399467446889536, "tumor_core": 0.8841417548191025}