{"ED": 0.8159110346638349, "ET": 0.8460262063964904, "N-NE": 0.8689243442033866, "mean": 0.8436205505849831, "whole_tumor": 0.8539863257294157, "tumor_core": 0.8405799457276485}