{"ED": 0.8034715673838003, "ET": 0.8317676300546563, "N-NE": 0.8617455308655818, "mean": 0.8323282649317586, "whole_tumor": 0.8382060653659927, "tumor_core": 0.8360396735221741}