{"ED": 0.8061007659435272, "ET": 0.8476343104839325, "N-NE": 0.8696444656848907, "mean": 0.8411265335083008, "whole_tumor": 0.8340424728393555, "tumor_core": 0.8449802258014679}