{"ED": 0.7773337376070213, "ET": 0.8338286741321306, "N-NE": 0.8612721588507116, "mean": 0.8241448770481277, "whole_tumor": 0.8071269639934676, "tumor_core": 0.8347901611689077}