{"ED": 0.7449887948207171, "ET": 0.8346302290836654, "N-NE": 0.8591259960159362, "mean": 0.8129150269041023, "whole_tumor": 0.7422808764940239, "tumor_core": 0.743152390438247}