{"ED": 0.8091637661457062, "ET": 0.8808106796741486, "N-NE": 0.8743439614772797, "mean": 0.8547728195190429, "whole_tumor": 0.8451344704627991, "tumor_core": 0.8837460849285126}