{"ED": 0.8320320010185241, "ET": 0.9070756452083588, "N-NE": 0.9056831827163696, "mean": 0.8815969619750976, "whole_tumor": 0.8658421738147736, "tumor_core": 0.9111382622718811}