{"ED": 0.8074325149752705, "ET": 0.8554672677203479, "N-NE": 0.8666031645588665, "mean": 0.843167667844856, "whole_tumor": 0.8507223504473014, "tumor_core": 0.825947451164048}