{"ED": 0.8238875672817231, "ET": 0.8971695878505707, "N-NE": 0.8987465591430664, "mean": 0.8732679262161255, "whole_tumor": 0.8596916024684906, "tumor_core": 0.896824241399765}