{"ED": 0.7575625, "ET": 0.8400625, "N-NE": 0.867, "mean": 0.8215416874885559, "whole_tumor": 0.7549375, "tumor_core": 0.83215625}