{"ED": 0.8155449945926666, "ET": 0.8742850058078766, "N-NE": 0.8729552979469299, "mean": 0.8542617864608765, "whole_tumor": 0.8496020331382751, "tumor_core": 0.8777523195743561}