{"ED": 0.8232094972133637, "ET": 0.8842802772521973, "N-NE": 0.8754444637298584, "mean": 0.8609780941009522, "whole_tumor": 0.8603135063648224, "tumor_core": 0.8934708425998688}