{"ED": 0.8241624632679608, "ET": 0.8895621943283841, "N-NE": 0.8895998542527278, "mean": 0.8677748596050825, "whole_tumor": 0.8595362604851742, "tumor_core": 0.8910428304596251}