{"ED": 0.7871046602725983, "ET": 0.8426165444850922, "N-NE": 0.8703053236007691, "mean": 0.8333421986103058, "whole_tumor": 0.8178988704681397, "tumor_core": 0.8408239660263062}