{"ED": 0.813850580458622, "ET": 0.8579624618192118, "N-NE": 0.8788973157149387, "mean": 0.8502368072114618, "whole_tumor": 0.8526022683576758, "tumor_core": 0.8381211940510814}