{"ED": 0.767045173512037, "ET": 0.8298612405579403, "N-NE": 0.8568076783442402, "mean": 0.8179047159939649, "whole_tumor": 0.8036652979147861, "tumor_core": 0.7942581779928322}