{"ED": 0.8255940215587616, "ET": 0.8967892489433289, "N-NE": 0.8937828552722931, "mean": 0.8720553967952728, "whole_tumor": 0.8598434758186341, "tumor_core": 0.8986964247226715}