{"ED": 0.8156331117409634, "ET": 0.8945641681492567, "N-NE": 0.8916594509584496, "mean": 0.8672855973718651, "whole_tumor": 0.8528333645892808, "tumor_core": 0.899558658618851}