{"ED": 0.754125, "ET": 0.84034375, "N-NE": 0.8730625, "mean": 0.8225104351043702, "whole_tumor": 0.7524375, "tumor_core": 0.75275}