{"ED": 0.8100899612286176, "ET": 0.8662555937273094, "N-NE": 0.8783039232174239, "mean": 0.8515498445803426, "whole_tumor": 0.8437761405549676, "tumor_core": 0.8300714003612321}