{"ED": 0.7734489070177079, "ET": 0.8454699068069458, "N-NE": 0.8686492338180541, "mean": 0.8291893711090088, "whole_tumor": 0.8002174577713013, "tumor_core": 0.8411076323986053}