{"ED": 0.6661647489070892, "ET": 0.7588081912994384, "N-NE": 0.7789757599830628, "mean": 0.734649585723877, "whole_tumor": 0.6327873473167419, "tumor_core": 0.7151967151165008}