{"ED": 0.7966769375801086, "ET": 0.8489955241680145, "N-NE": 0.8667217652797699, "mean": 0.8374647655487061, "whole_tumor": 0.8241531946659089, "tumor_core": 0.8149249696731568}