{"ED": 0.7783240911960602, "ET": 0.8459750900268554, "N-NE": 0.8709548952579498, "mean": 0.8317513806819916, "whole_tumor": 0.8072649629116059, "tumor_core": 0.799111558675766}