{"ED": 0.8086088893413543, "ET": 0.862924305677414, "N-NE": 0.8722745671272277, "mean": 0.8479359431266784, "whole_tumor": 0.8423920118808746, "tumor_core": 0.8643873054981231}