{"ED": 0.8286724624880757, "ET": 0.9093958697471011, "N-NE": 0.8993430769301031, "mean": 0.8791371553067667, "whole_tumor": 0.8646027056344476, "tumor_core": 0.9127039747884074}