{"ED": 0.8144335899353027, "ET": 0.8525281703472137, "N-NE": 0.865793749332428, "mean": 0.8442518544197083, "whole_tumor": 0.8462672066688538, "tumor_core": 0.8348029849529266}