{"ED": 0.818966890335083, "ET": 0.8943753342628479, "N-NE": 0.8850399425029755, "mean": 0.8661274113655091, "whole_tumor": 0.8564336440563202, "tumor_core": 0.9024459822177887}