{"ED": 0.8264803691689236, "ET": 0.8862304081954804, "N-NE": 0.8839512873455823, "mean": 0.8655540404091793, "whole_tumor": 0.8608832136093383, "tumor_core": 0.8466591668793879}