{"ED": 0.7462649402390438, "ET": 0.8355951195219123, "N-NE": 0.860371015936255, "mean": 0.8140770458130248, "whole_tumor": 0.7450199203187251, "tumor_core": 0.7452377988047809}