{"ED": 0.8022269372940063, "ET": 0.8502478191852569, "N-NE": 0.8633501386642456, "mean": 0.8386083190441131, "whole_tumor": 0.8359425828456879, "tumor_core": 0.825058818101883}