{"ED": 0.5892392385053444, "ET": 0.6069360754166941, "N-NE": 0.6292721037845688, "mean": 0.608482491091428, "whole_tumor": 0.5385154953515862, "tumor_core": 0.5559119201038938}