{"ED": 0.8055396599769592, "ET": 0.8554262573719025, "N-NE": 0.8684484465122223, "mean": 0.8431381402015686, "whole_tumor": 0.8388026525974274, "tumor_core": 0.8538669958114624}