{"ED": 0.7461715637450199, "ET": 0.8355639940239044, "N-NE": 0.8602776394422311, "mean": 0.8140044193343813, "whole_tumor": 0.7448331673306773, "tumor_core": 0.745113296812749}