{"ED": 0.8344908030033111, "ET": 0.8978158028125763, "N-NE": 0.8968618001937866, "mean": 0.8763894879817963, "whole_tumor": 0.866630161523819, "tumor_core": 0.8960101549625397}