{"ED": 0.8314758720397949, "ET": 0.9033871741294861, "N-NE": 0.897569762468338, "mean": 0.8774776208400726, "whole_tumor": 0.8674204168319702, "tumor_core": 0.9035476160049438}