{"ED": 0.5978567010164261, "ET": 0.6063907489776611, "N-NE": 0.7859867684841156, "mean": 0.663411425948143, "whole_tumor": 0.5479827346801758, "tumor_core": 0.5501938691139221}