{"ED": 0.8125000894069672, "ET": 0.881361747264862, "N-NE": 0.883815815448761, "mean": 0.8592259051799774, "whole_tumor": 0.8490653412342072, "tumor_core": 0.8889217929840088}