{"ED": 0.7575705339908599, "ET": 0.8562259781360626, "N-NE": 0.8647930240631103, "mean": 0.8261965317726135, "whole_tumor": 0.7712823278903961, "tumor_core": 0.7701301159858703}