{"ED": 0.745348620937165, "ET": 0.8352700683225198, "N-NE": 0.8603747453822558, "mean": 0.8136644966573829, "whole_tumor": 0.7445936070020456, "tumor_core": 0.7448315257095246}