{"ED": 0.7689172983169555, "ET": 0.8459109542369843, "N-NE": 0.8694381868839264, "mean": 0.8280888361930847, "whole_tumor": 0.8020789575576782, "tumor_core": 0.7951941268444062}