{"ED": 0.8321790366172791, "ET": 0.9074778723716735, "N-NE": 0.902392205953598, "mean": 0.8806830561161041, "whole_tumor": 0.8685768573284149, "tumor_core": 0.9094194383621216}