{"ED": 0.7981921491622925, "ET": 0.8459025120735169, "N-NE": 0.8726412165164947, "mean": 0.838911978006363, "whole_tumor": 0.8280588519573212, "tumor_core": 0.8187515652179718}