{"ED": 0.814956439256668, "ET": 0.8702735249996185, "N-NE": 0.8684329986572266, "mean": 0.8512210073471069, "whole_tumor": 0.8536509120464325, "tumor_core": 0.8796205382347106}