{"ED": 0.8182876107692718, "ET": 0.8709704458713532, "N-NE": 0.8813374884128571, "mean": 0.8568652012348175, "whole_tumor": 0.8614089202880859, "tumor_core": 0.849063988685608}