{"ED": 0.754125, "ET": 0.84040625, "N-NE": 0.8730625, "mean": 0.8225312683582305, "whole_tumor": 0.7525, "tumor_core": 0.8348125}