{"ED": 0.8026920521259308, "ET": 0.8495311229228973, "N-NE": 0.8746733877658844, "mean": 0.8422988753318786, "whole_tumor": 0.8365707120895386, "tumor_core": 0.8258074328899384}