{"ED": 0.8104485532202094, "ET": 0.8494190595064505, "N-NE": 0.8706050142349, "mean": 0.8434908926724438, "whole_tumor": 0.8512412611231861, "tumor_core": 0.8609293378681776}