{"ED": 0.780631249666214, "ET": 0.8416931154727936, "N-NE": 0.8638157997131347, "mean": 0.8287134065628051, "whole_tumor": 0.8097877745628357, "tumor_core": 0.8415278508663178}