{"ED": 0.8307398714392309, "ET": 0.9053212069420226, "N-NE": 0.8977784827885875, "mean": 0.8779465413663492, "whole_tumor": 0.8646731056065199, "tumor_core": 0.9065291306887014}