{"ED": 0.8178939054012299, "ET": 0.887515807390213, "N-NE": 0.8898541960716247, "mean": 0.865087988615036, "whole_tumor": 0.8514504363536834, "tumor_core": 0.8899147131443024}