{"ED": 0.7575625, "ET": 0.840064168214798, "N-NE": 0.8669960360527038, "mean": 0.8215409228801728, "whole_tumor": 0.7549450387954711, "tumor_core": 0.8321731057167053}