{"ED": 0.6525467743436654, "ET": 0.8046252492414527, "N-NE": 0.8264753488430464, "mean": 0.761215808619541, "whole_tumor": 0.6344636488720715, "tumor_core": 0.6420263416501155}