{"ED": 0.7547248542308808, "ET": 0.8508436796665192, "N-NE": 0.8670007126331329, "mean": 0.8241897678375244, "whole_tumor": 0.7683839762210846, "tumor_core": 0.8386096849441528}