{"ED": 0.75584375, "ET": 0.8395331547260284, "N-NE": 0.867125, "mean": 0.8208339879512787, "whole_tumor": 0.7520483498573303, "tumor_core": 0.8271863141059875}