{"ED": 0.7990560190677642, "ET": 0.8426852009296417, "N-NE": 0.861528000831604, "mean": 0.8344230923652649, "whole_tumor": 0.8420447826385498, "tumor_core": 0.8464161868095398}