{"ED": 0.7526080408096314, "ET": 0.8484545876979828, "N-NE": 0.857624862909317, "mean": 0.8195625181198121, "whole_tumor": 0.7945570104122162, "tumor_core": 0.8510753631591796}