{"ED": 0.8241127886145239, "ET": 0.8972346348116598, "N-NE": 0.8926229400938726, "mean": 0.8713234755622439, "whole_tumor": 0.8596385249578621, "tumor_core": 0.8984510813101354}