{"ED": 0.8141512725932665, "ET": 0.8842448302474155, "N-NE": 0.8845923013421169, "mean": 0.8609961558623143, "whole_tumor": 0.84806328299511, "tumor_core": 0.8344537036352424}