{"ED": 0.7944287521839142, "ET": 0.8430390315055847, "N-NE": 0.8673662385940552, "mean": 0.83494468998909, "whole_tumor": 0.8265566005706787, "tumor_core": 0.8392617762088775}