{"ED": 0.8315466279983521, "ET": 0.9048306481838226, "N-NE": 0.9007769682407379, "mean": 0.879051432132721, "whole_tumor": 0.8647835676670075, "tumor_core": 0.9071072342395783}