{"ED": 0.8167877401488711, "ET": 0.8838636507076096, "N-NE": 0.8858936113190365, "mean": 0.8621816903471472, "whole_tumor": 0.8536808041937323, "tumor_core": 0.8875605000917655}