{"ED": 0.804881284236908, "ET": 0.8611801860332489, "N-NE": 0.8796675488948822, "mean": 0.8485763576030732, "whole_tumor": 0.8391798577308655, "tumor_core": 0.8637188482284546}