{"ED": 0.7827835227863722, "ET": 0.8415844402465212, "N-NE": 0.8615956781394928, "mean": 0.8286545692212078, "whole_tumor": 0.8306813572507455, "tumor_core": 0.8479163717938609}