{"ED": 0.8314883768558502, "ET": 0.9067873787879944, "N-NE": 0.9042186768054962, "mean": 0.8808314981460571, "whole_tumor": 0.8697828605175019, "tumor_core": 0.9107819788455963}