{"ED": 0.8098342900276184, "ET": 0.8865853588581085, "N-NE": 0.890679488658905, "mean": 0.8623664028644562, "whole_tumor": 0.8398311982154846, "tumor_core": 0.8876766397953033}