{"ED": 0.7496175374167849, "ET": 0.840812705427527, "N-NE": 0.859420634598371, "mean": 0.8166169792532446, "whole_tumor": 0.802164660032052, "tumor_core": 0.8469439630964363}