{"ED": 0.528840050816536, "ET": 0.5216260746717453, "N-NE": 0.7896967318058014, "mean": 0.6133876397609711, "whole_tumor": 0.4910988230705261, "tumor_core": 0.514273856639862}