{"ED": 0.8223089770078659, "ET": 0.8866139204502106, "N-NE": 0.8859597594738007, "mean": 0.8649609084129334, "whole_tumor": 0.8576269009113312, "tumor_core": 0.8882894222736358}