{"ED": 0.7824750247001648, "ET": 0.8471512236595153, "N-NE": 0.8732224743366241, "mean": 0.8342829310894012, "whole_tumor": 0.8034336068630219, "tumor_core": 0.7957552087306976}