{"ED": 0.8137780385017395, "ET": 0.868082632780075, "N-NE": 0.87224822473526, "mean": 0.8513696539402008, "whole_tumor": 0.8489633767604828, "tumor_core": 0.8714190592765808}