{"ED": 0.8335636172294617, "ET": 0.9073481593132019, "N-NE": 0.9016698262691498, "mean": 0.8808605535030365, "whole_tumor": 0.8689878227710723, "tumor_core": 0.9113832952976226}