{"ED": 0.7955089409351349, "ET": 0.8355394041538239, "N-NE": 0.8585322728157043, "mean": 0.8298602273464203, "whole_tumor": 0.8358006448745727, "tumor_core": 0.8246114642620087}