{"ED": 0.8066775469779969, "ET": 0.8498134291172028, "N-NE": 0.8681079337596893, "mean": 0.8415329899787903, "whole_tumor": 0.8463344254493713, "tumor_core": 0.8577755506038666}