{"ED": 0.8377816607952118, "ET": 0.896507010936737, "N-NE": 0.9007797293663025, "mean": 0.8783561544418335, "whole_tumor": 0.8700533244609833, "tumor_core": 0.899959310054779}