{"ED": 0.8368080203533173, "ET": 0.9051136689186097, "N-NE": 0.912295476436615, "mean": 0.8847390747070313, "whole_tumor": 0.8696151700019836, "tumor_core": 0.908607408285141}