{"ED": 0.8237958728554714, "ET": 0.8986212046022909, "N-NE": 0.8989106696915341, "mean": 0.8737759328933351, "whole_tumor": 0.857660557406832, "tumor_core": 0.899530432851191}