{"ED": 0.8069023394584656, "ET": 0.8622976455688477, "N-NE": 0.8729573862552643, "mean": 0.8473858087062835, "whole_tumor": 0.8428262696266174, "tumor_core": 0.8624957687854767}