{"ED": 0.8066319752024464, "ET": 0.8441187594516344, "N-NE": 0.8654909143409881, "mean": 0.83874723398353, "whole_tumor": 0.8457979994466105, "tumor_core": 0.832743515056443}