{"ED": 0.6187464846372605, "ET": 0.6018013170957566, "N-NE": 0.6643489295244217, "mean": 0.628298930644989, "whole_tumor": 0.5359881905317306, "tumor_core": 0.5819243838787079}