{"ED": 0.6426232863232434, "ET": 0.6823529821943002, "N-NE": 0.7749144159465197, "mean": 0.6999635822269547, "whole_tumor": 0.5907145571186248, "tumor_core": 0.655892044187067}