{"ED": 0.8258809237480164, "ET": 0.8830839018821717, "N-NE": 0.8709575626850128, "mean": 0.8599741463661194, "whole_tumor": 0.8651468513011933, "tumor_core": 0.8952659263610839}