{"ED": 0.7462649402390438, "ET": 0.8353772410358565, "N-NE": 0.860402141434263, "mean": 0.8140147948170088, "whole_tumor": 0.7448954183266933, "tumor_core": 0.8252303286852589}