{"ED": 0.7554086215496063, "ET": 0.8428125, "N-NE": 0.867125, "mean": 0.8217820596694946, "whole_tumor": 0.7538136608600616, "tumor_core": 0.7540327076911926}