{"ED": 0.8289031882286072, "ET": 0.8904756329059601, "N-NE": 0.8928447661399841, "mean": 0.8707412168979645, "whole_tumor": 0.8626766247749329, "tumor_core": 0.888621178150177}