{"ED": 0.8121789767447696, "ET": 0.8712079351641743, "N-NE": 0.8781837184590647, "mean": 0.8538568981615196, "whole_tumor": 0.8519462591623405, "tumor_core": 0.8785096592162235}