{"ED": 0.75403125, "ET": 0.840375, "N-NE": 0.8730625, "mean": 0.8224896013736724, "whole_tumor": 0.7524097831249237, "tumor_core": 0.83478125}