{"ED": 0.8123800802230835, "ET": 0.8866957852840424, "N-NE": 0.8702860696315765, "mean": 0.8564540007114411, "whole_tumor": 0.8538877711296081, "tumor_core": 0.8972769255638122}