{"ED": 0.8192740683555603, "ET": 0.9007947783470154, "N-NE": 0.9062325053215027, "mean": 0.8754338004589081, "whole_tumor": 0.8541747279167176, "tumor_core": 0.8993690285682678}