{"ED": 0.7953047522035728, "ET": 0.8535295682124407, "N-NE": 0.8677707207630355, "mean": 0.8388683634450236, "whole_tumor": 0.8567645314680152, "tumor_core": 0.869174051094815}