{"ED": 0.7544422421455383, "ET": 0.8408168427944184, "N-NE": 0.8734820771217346, "mean": 0.8229137392044067, "whole_tumor": 0.7553196816444397, "tumor_core": 0.8354054782390594}