{"ED": 0.8313529579639435, "ET": 0.9091443629264832, "N-NE": 0.9101132199764251, "mean": 0.883536865234375, "whole_tumor": 0.8626229617595672, "tumor_core": 0.9131760790348052}