{"ED": 0.8279305582502449, "ET": 0.8881174829376646, "N-NE": 0.887840899575754, "mean": 0.8679630036848, "whole_tumor": 0.8651476212706699, "tumor_core": 0.8518301402905073}