{"ED": 0.8300374493598938, "ET": 0.8957051413059235, "N-NE": 0.8925384750366211, "mean": 0.8727603776454925, "whole_tumor": 0.8646099135875702, "tumor_core": 0.8964790489673614}