{"ED": 0.7963230636119842, "ET": 0.8465722603797913, "N-NE": 0.8672479035854339, "mean": 0.8367144265174866, "whole_tumor": 0.8335537838935853, "tumor_core": 0.8534798877239227}