{"ED": 0.8354338853359222, "ET": 0.9037748110294342, "N-NE": 0.8980646071434021, "mean": 0.8790911226272583, "whole_tumor": 0.8674268085956574, "tumor_core": 0.9043022134304046}