{"ED": 0.7927231232958486, "ET": 0.8528896734059095, "N-NE": 0.8642875036870341, "mean": 0.8366334568931761, "whole_tumor": 0.8333566640002794, "tumor_core": 0.858435901275194}