{"ED": 0.7813184447288514, "ET": 0.8437152519226074, "N-NE": 0.860770530462265, "mean": 0.8286014277935028, "whole_tumor": 0.8162394909858703, "tumor_core": 0.8403825106620788}