{"ED": 0.8196598551273346, "ET": 0.8977460894584656, "N-NE": 0.899783145904541, "mean": 0.872396383523941, "whole_tumor": 0.8497439479827881, "tumor_core": 0.8977926421165466}