{"ED": 0.809301609537041, "ET": 0.8687121723277635, "N-NE": 0.8709990522301054, "mean": 0.8496709655955493, "whole_tumor": 0.8520419224799867, "tumor_core": 0.8758439084448187}