{"ED": 0.8127288708686828, "ET": 0.8591893944740295, "N-NE": 0.8724002904891968, "mean": 0.8481062076091767, "whole_tumor": 0.8450500512123108, "tumor_core": 0.8572929918766021}