{"ED": 0.6392381304502487, "ET": 0.6229676790237427, "N-NE": 0.7059572285413742, "mean": 0.6560543675422669, "whole_tumor": 0.5552503014802933, "tumor_core": 0.568250578045845}