{"ED": 0.7971414093971252, "ET": 0.842523634672165, "N-NE": 0.8614407327175141, "mean": 0.833701943397522, "whole_tumor": 0.8320900554656983, "tumor_core": 0.838572987318039}