{"ED": 0.8098654994964599, "ET": 0.847526789188385, "N-NE": 0.8722217667102814, "mean": 0.8432047076225281, "whole_tumor": 0.8391071352958679, "tumor_core": 0.8281236407756806}