{"ED": 0.8239503375291825, "ET": 0.8845270884037018, "N-NE": 0.8887841711044312, "mean": 0.8657538855075836, "whole_tumor": 0.8571057481765747, "tumor_core": 0.8867998681068421}