{"ED": 0.8254046053886414, "ET": 0.8908289124965668, "N-NE": 0.8873535957336426, "mean": 0.8678623905181885, "whole_tumor": 0.8617883393764496, "tumor_core": 0.896285267829895}