{"ED": 0.7571287019252777, "ET": 0.8427606592178345, "N-NE": 0.867125, "mean": 0.8223381390571595, "whole_tumor": 0.7553970055580139, "tumor_core": 0.7556170487403869}