{"ED": 0.8150094795227051, "ET": 0.8987041778564453, "N-NE": 0.8923637063503266, "mean": 0.8686924707889557, "whole_tumor": 0.8581095478534698, "tumor_core": 0.9033476450443267}