{"ED": 0.8223872842788696, "ET": 0.8982680661678314, "N-NE": 0.9005149185657502, "mean": 0.8737234432697296, "whole_tumor": 0.8529508409500122, "tumor_core": 0.8987484488487244}