{"ED": 0.8107576777935028, "ET": 0.8554672966003418, "N-NE": 0.8670949068069458, "mean": 0.8444399797916412, "whole_tumor": 0.8451194701194763, "tumor_core": 0.8321572003364563}