{"ED": 0.8330617849826812, "ET": 0.9035867717266083, "N-NE": 0.9019726238250733, "mean": 0.8795404119491577, "whole_tumor": 0.8655701794624329, "tumor_core": 0.9060608677864075}