{"ED": 0.8132514092922211, "ET": 0.8831928288936615, "N-NE": 0.8937654824256897, "mean": 0.8634032588005066, "whole_tumor": 0.8425857381820678, "tumor_core": 0.8810020833015442}