{"ED": 0.7338964438058465, "ET": 0.8242391464244797, "N-NE": 0.84729133112972, "mean": 0.8018089946047718, "whole_tumor": 0.7817454164721577, "tumor_core": 0.8287101487714456}