{"ED": 0.8101621705293656, "ET": 0.8665790152549744, "N-NE": 0.8713977942466736, "mean": 0.8493796832561493, "whole_tumor": 0.8466451938152313, "tumor_core": 0.871442773103714}