{"ED": 0.8195240777802182, "ET": 0.8733483389079333, "N-NE": 0.8853978756889404, "mean": 0.8594234571513901, "whole_tumor": 0.8579306659470516, "tumor_core": 0.8785752893919014}