{"ED": 0.8316697589159012, "ET": 0.8986682267189026, "N-NE": 0.8977614431381226, "mean": 0.8760331649780273, "whole_tumor": 0.8641035230159759, "tumor_core": 0.8968355507850647}