{"ED": 0.831344012260437, "ET": 0.8919270713329315, "N-NE": 0.888163595199585, "mean": 0.8704782452583313, "whole_tumor": 0.86853165102005, "tumor_core": 0.8976015841960907}