{"ED": 0.8194536684751511, "ET": 0.8712689492702484, "N-NE": 0.8786372771263122, "mean": 0.8564533195495605, "whole_tumor": 0.8559741485118866, "tumor_core": 0.8741046872138977}