{"ED": 0.801135125875473, "ET": 0.8562263059616089, "N-NE": 0.8660537023544311, "mean": 0.841138398885727, "whole_tumor": 0.8367913703918457, "tumor_core": 0.825495813369751}