{"ED": 0.8325981407165527, "ET": 0.906822340965271, "N-NE": 0.8980342180728912, "mean": 0.8791515882015228, "whole_tumor": 0.8656806926727295, "tumor_core": 0.9114378967285156}