{"ED": 0.8099496065382938, "ET": 0.8829689591054423, "N-NE": 0.8911512363479432, "mean": 0.8613566236192012, "whole_tumor": 0.8393495890248819, "tumor_core": 0.8253826893183339}