{"ED": 0.7648650808334351, "ET": 0.8429739763736724, "N-NE": 0.8758311455249786, "mean": 0.8278900873661041, "whole_tumor": 0.7873922777175903, "tumor_core": 0.7795364742279053}