{"ED": 0.8112615527384784, "ET": 0.8812563939398503, "N-NE": 0.8822470898647232, "mean": 0.8582550325241697, "whole_tumor": 0.8442876785399904, "tumor_core": 0.8309249982415917}