{"ED": 0.8147685675621033, "ET": 0.9003252379894257, "N-NE": 0.9090772249698639, "mean": 0.8747236950397491, "whole_tumor": 0.8454391214847564, "tumor_core": 0.9030699765682221}