{"ED": 0.75259375, "ET": 0.83909375, "N-NE": 0.8693125, "mean": 0.8203333544731141, "whole_tumor": 0.7500625, "tumor_core": 0.75084375}