{"ED": 0.8079052009582519, "ET": 0.8529988317489624, "N-NE": 0.8673563270568848, "mean": 0.8427534718513489, "whole_tumor": 0.8452970683574677, "tumor_core": 0.8542504904270172}