{"ED": 0.8305585650205612, "ET": 0.9040219411849976, "N-NE": 0.8988316440582276, "mean": 0.8778040668964386, "whole_tumor": 0.8602298502922058, "tumor_core": 0.9037765951156617}