{"ED": 0.7997773547172546, "ET": 0.8615299005508423, "N-NE": 0.876987407207489, "mean": 0.8460982382297516, "whole_tumor": 0.8344902729988098, "tumor_core": 0.8226193532943725}