{"ED": 0.7974008820056915, "ET": 0.838306845664978, "N-NE": 0.8650940654277801, "mean": 0.8336006157398224, "whole_tumor": 0.8277511987686157, "tumor_core": 0.8377493851184845}