{"ED": 0.752625, "ET": 0.83909375, "N-NE": 0.8693125, "mean": 0.820343770980835, "whole_tumor": 0.75009375, "tumor_core": 0.750875}