{"ED": 0.8084629819393158, "ET": 0.8518881025314331, "N-NE": 0.8748689639568329, "mean": 0.8450733726024627, "whole_tumor": 0.8415482926368714, "tumor_core": 0.8313658726215363}