{"ED": 0.5534855809211731, "ET": 0.5869907684326172, "N-NE": 0.8029653222560883, "mean": 0.647813908457756, "whole_tumor": 0.5306619182825089, "tumor_core": 0.5309687384366989}