{"ED": 0.7966591470241546, "ET": 0.8434125576019287, "N-NE": 0.8676155755519867, "mean": 0.8358957784175873, "whole_tumor": 0.8250695880651474, "tumor_core": 0.8448087131977081}