{"ED": 0.8332693822383881, "ET": 0.9025344166755677, "N-NE": 0.9013731026649475, "mean": 0.879058988571167, "whole_tumor": 0.8688240015506744, "tumor_core": 0.9046579864025116}