{"ED": 0.8149402370452881, "ET": 0.8528139541149139, "N-NE": 0.8774105846881867, "mean": 0.8483882765769959, "whole_tumor": 0.8537169733047485, "tumor_core": 0.8418299987316131}