{"ED": 0.7531776101589203, "ET": 0.8437546124458313, "N-NE": 0.8696897714138031, "mean": 0.8222073495388031, "whole_tumor": 0.7597622199058532, "tumor_core": 0.837872041463852}