{"ED": 0.8331389005184173, "ET": 0.9057811553478241, "N-NE": 0.9053567633628845, "mean": 0.8814256272315979, "whole_tumor": 0.8681291410923004, "tumor_core": 0.9082545852661132}