{"ED": 0.8329790785312653, "ET": 0.8990245549678803, "N-NE": 0.8980352537631988, "mean": 0.8766796491146087, "whole_tumor": 0.8669328696727753, "tumor_core": 0.9037648696899414}