{"ED": 0.7948155646324158, "ET": 0.8527246615886688, "N-NE": 0.870611320734024, "mean": 0.8393838698863983, "whole_tumor": 0.8271124877929688, "tumor_core": 0.847529979467392}