{"ED": 0.7537906291484833, "ET": 0.8406275780200958, "N-NE": 0.873318550825119, "mean": 0.8225789377689362, "whole_tumor": 0.755410082578659, "tumor_core": 0.7554108920097351}