{"ED": 0.8009916762431779, "ET": 0.8355156974013583, "N-NE": 0.8609658788399868, "mean": 0.8324911050587537, "whole_tumor": 0.8412530502950053, "tumor_core": 0.8277671788318224}