{"ED": 0.8294065478313492, "ET": 0.8918375657849102, "N-NE": 0.8887441706847384, "mean": 0.8699961133687145, "whole_tumor": 0.8653663786284003, "tumor_core": 0.8516759150531662}