{"ED": 0.752375, "ET": 0.8390625, "N-NE": 0.8693125, "mean": 0.820250020980835, "whole_tumor": 0.7498444492816925, "tumor_core": 0.83403125}