{"ED": 0.8297646048069001, "ET": 0.8907479374408722, "N-NE": 0.8841609089374542, "mean": 0.8682245061397552, "whole_tumor": 0.8679115607738495, "tumor_core": 0.8996528861522675}