{"ED": 0.8004884552955628, "ET": 0.8471090946197509, "N-NE": 0.8700424118041992, "mean": 0.8392133467197418, "whole_tumor": 0.8342846179008484, "tumor_core": 0.8231908845901489}