{"ED": 0.8055985956192017, "ET": 0.8745985059738159, "N-NE": 0.8842349894046784, "mean": 0.8548107149600983, "whole_tumor": 0.836093180179596, "tumor_core": 0.8753448770046234}