{"ED": 0.8014455283305559, "ET": 0.8555935540522237, "N-NE": 0.8718239992738245, "mean": 0.8429543798663227, "whole_tumor": 0.8441749956028395, "tumor_core": 0.829301979674761}