{"ED": 0.8085730059146881, "ET": 0.8532587561607361, "N-NE": 0.8700423741340637, "mean": 0.8439580631256104, "whole_tumor": 0.8411917579174042, "tumor_core": 0.8519534292221069}