{"ED": 0.8262181043624878, "ET": 0.9066658909320832, "N-NE": 0.9081733694076538, "mean": 0.8803524765968322, "whole_tumor": 0.8594419169425964, "tumor_core": 0.9104376313686371}