{"ED": 0.7865548611162193, "ET": 0.8416834853559851, "N-NE": 0.8614180097541961, "mean": 0.8298854732893378, "whole_tumor": 0.82399903041908, "tumor_core": 0.8133185387132652}