{"ED": 0.8157993144989014, "ET": 0.8697767062187195, "N-NE": 0.8796323664188385, "mean": 0.855069482088089, "whole_tumor": 0.8525191431045532, "tumor_core": 0.8409527041912079}