{"ED": 0.8339985711574555, "ET": 0.911128978729248, "N-NE": 0.9090794558525086, "mean": 0.8847356889247894, "whole_tumor": 0.8694492676258088, "tumor_core": 0.9175464491844177}