{"ED": 0.8000431151390076, "ET": 0.848365416765213, "N-NE": 0.8668105881214142, "mean": 0.838406393289566, "whole_tumor": 0.8319850821495056, "tumor_core": 0.8456923577785492}