{"ED": 0.8189362998008728, "ET": 0.9043192949295044, "N-NE": 0.9045831983089447, "mean": 0.8759462831020355, "whole_tumor": 0.8562082397937775, "tumor_core": 0.9100422999858856}