{"ED": 0.8306540055274964, "ET": 0.8956740064620972, "N-NE": 0.8849518556594849, "mean": 0.8704266436100007, "whole_tumor": 0.8662847268581391, "tumor_core": 0.9041163854598999}