{"ED": 0.7992911250591278, "ET": 0.8549632565975189, "N-NE": 0.8714362368583679, "mean": 0.8418968904018402, "whole_tumor": 0.8293866243362427, "tumor_core": 0.8512200963497162}