{"ED": 0.8085691344738006, "ET": 0.8433145380020142, "N-NE": 0.8719202718734741, "mean": 0.8412680027484893, "whole_tumor": 0.841013388633728, "tumor_core": 0.8409163465499878}