{"epochs": 25, "train_loss": [0.5484553346267114, 468.9191517101063, 557.8173619288426, 636.0966260911939, 719.4265879079417, 767.0287271932169, 754.7172883269075, 742.6563212788188, 726.1053675938319, 761.4674763103108, 768.0414529318338, 803.964660583557, 816.3070887852382, 894.8765045989167, 938.159667602905, 937.9931317461835, 1018.3284301757812, 1015.6410148079459, 964.727027367164, 1093.685456450288, 1132.393883887109, 1150.1241179474823, 1170.984645908291, 1278.340319653491, 1260.3235106568236], "valid_loss": [0.5173122570514679, 0.5431195220947266, 0.5326017143726349, 0.5397514071464539, 0.500947429895401, 0.49730314826965333, 0.4954869817495346, 0.48835247838497164, 0.49053161692619324, 0.49161715745925905, 0.4817040114402771, 0.47898821914196016, 0.4854048548936844, 0.46977145087718963, 0.4771675560474396, 0.4828972865343094, 0.47345798194408417, 0.4753359831571579, 0.4647412790060043, 0.46934676587581636, 0.462565113902092, 0.4683053092956543, 0.47607494139671325, 0.45827760553359986, 0.4630927027463913]}