{"epochs": 25, "train_loss": [0.5793152264543585, 484.43649776736936, 592.8089977344433, 692.7698611508121, 763.03777917639, 816.1839601438601, 787.0928274606254, 872.5030216365666, 955.8018337253567, 927.1839409979668, 926.6016176206606, 1259.9326473697201, 1243.280272096068, 1060.378656438776, 1081.9450062266835, 1172.791110074008, 1171.4295819536908, 1135.4532149978927, 1252.7682748160044, 1439.1361039473222, 1391.750941685268, 1355.5287723141116, 1343.5183368877217, 1391.7298721786026, 1341.5696799538352], "valid_loss": [0.5189770002365113, 0.5389166784286499, 0.5340261974334717, 0.5259406694173813, 0.5103164900541306, 0.49921100544929503, 0.49330421042442324, 0.49117685222625734, 0.49293192851543427, 0.48828169441223146, 0.4853821716308594, 0.4908354686498642, 0.4847702610492706, 0.4765693145990372, 0.47585114192962646, 0.4706701602935791, 0.4749505677223206, 0.46836013162136075, 0.4650674831867218, 0.4650150898694992, 0.46553587687015535, 0.462899719953537, 0.4601559673547745, 0.4626510509252548, 0.4598603506088257]}