{"epochs": 25, "train_loss": [0.579438303674494, 12450.733788184472, 11455.950282139735, 12177.186165397103, 11761.77145754636, 11238.304125561937, 10846.635983157468, 11501.436623922951, 11741.218135380244, 12096.875709251686, 12472.643960043863, 13247.65822995364, 13584.71193113527, 14156.622729809253, 14557.54068977897, 15971.216627122878, 15992.405800254433, 17284.419768707856, 17297.23118385521, 17978.05377142389, 18464.159915280034, 19276.82477190778, 20573.090976406405, 21049.44580224463, 22455.39240154377], "valid_loss": [0.5200506737232208, 0.5336698062419891, 0.5366419954299927, 0.5091526637077332, 0.5054763191938401, 0.49705013144016263, 0.4998475334644318, 0.49480732810497285, 0.4872589247226715, 0.4952685774564743, 0.490260875582695, 0.4840097006559372, 0.49198233425617216, 0.47859813702106474, 0.47723401939868926, 0.4717512031793594, 0.4705023957490921, 0.4692039581537247, 0.4633050625324249, 0.4646116209030151, 0.4634409499168396, 0.460783722281456, 0.46677848303318026, 0.4551796172857285, 0.4636999529600143]}