{"epochs": 25, "train_loss": [0.5697935026485127, 226.20518423532033, 224.62452155083685, 216.62823411634753, 204.42887700068485, 202.74617833643407, 208.4535884647579, 213.24698811930259, 213.3610814082158, 222.8011531925106, 240.9010436127593, 226.94305072369036], "valid_loss": [0.5196314735412597, 0.5387043049335479, 0.5349113790988922, 0.5147647361755371, 0.5039755154848099, 0.5066177889108657, 0.4923279515504837, 0.4899653811454773, 0.48360537803173065, 0.48060629892349244, 0.47629147064685823, 0.49225366830825806]}