{"epochs": 25, "train_loss": [0.5455450259603106, 177.99243479603894, 185.90425737897357, 196.14000629497457, 187.99270047579373, 206.91990242423591, 219.83875465964698, 233.7053331190294, 240.09738962514535, 263.2526970709954], "valid_loss": [0.5171754937171936, 0.5329032006263733, 0.5331254947185516, 0.5184354004859925, 0.521461509346962, 0.49363308036327364, 0.4950578737258911, 0.5032012524604798, 0.49116869378089906, 0.49372193777561185]}