{"epochs": 25, "train_loss": [0.5985267857909202, 621.2755719909668, 622.0267483520507, 658.7296964416504, 725.5482617797852, 772.7309768676757, 863.2269327392578, 885.5546235351562, 829.3637277832031, 787.0226220703125, 771.3696362915039, 762.1610974426269, 742.0463934936523, 752.979386138916, 791.8483476867676, 793.1447962036133, 786.9442484741211, 774.3484406738281, 803.8777922973633, 782.3198097839355, 789.3492955322265, 851.3396543579101, 828.7775163574219, 893.9216612548828, 919.2244908447266], "valid_loss": [0.5226690700329633, 0.5442077023574555, 0.5381913396466775, 0.5053206593154436, 0.508575039555827, 0.5102353740735833, 0.49728220178786503, 0.49413921039892855, 0.4958825620759531, 0.4888528659049258, 0.4829934145587374, 0.48455358798285403, 0.48642886361752846, 0.4827736987773166, 0.48012319812736665, 0.47995929592159164, 0.48600722012291864, 0.4732713865568913, 0.4765939548671008, 0.4682875634189621, 0.46680386275409225, 0.4695265713440944, 0.46806985448556115, 0.46255109699598823, 0.46351965893787217]}