{"epochs": 25, "train_loss": [0.5616689430964695, 517.1396170967704, 574.8337011194373, 612.2395482325292, 609.2519355034614, 573.9448608947205, 596.2322891646927, 625.6424538596169, 620.9127563720459, 685.0572554276778, 694.3495257793963, 732.003109195492, 771.0819603370262, 823.278957279293, 867.6998586740408, 862.4984211955037, 859.4912264859164, 870.6646694370083, 912.3837002840909, 898.193038894699, 910.751320152016, 976.4886584972645, 971.1280590137402], "valid_loss": [0.5145396325588226, 0.5446241784095764, 0.5329419643878937, 0.5251859873533249, 0.502684928059578, 0.49654704809188843, 0.4902661935091019, 0.4993509267568588, 0.4928417445421219, 0.4948322347402573, 0.49518459784984586, 0.4862046535015106, 0.48651800346374513, 0.48102551090717316, 0.47551326751708983, 0.47534657895565036, 0.4666581587791443, 0.47249939942359925, 0.46460347378253936, 0.47499028050899506, 0.46490043807029724, 0.4634205920696259, 0.4761783194541931]}