{"epochs": 25, "train_loss": [0.5744898991584778, 140.27787111663818, 149.6317317047119, 151.38255474853514, 148.56036833953857, 172.69992602539062, 183.6245026779175, 192.5992644042969, 194.8286187286377, 207.28733670043945, 196.43629564666747, 192.76607081604004, 205.38802723693848, 198.85381211853027, 205.9374105682373, 208.2378941040039, 215.5006847076416, 230.34727268981933], "valid_loss": [0.5183982120092172, 0.5350227434321704, 0.5288492084974312, 0.5068838561911032, 0.49917942724854825, 0.4901422295437391, 0.48988381372504974, 0.4903012434562364, 0.48671238403396305, 0.4858930010007197, 0.48760504254781867, 0.4765861270674671, 0.48307553040553847, 0.48175789469266794, 0.47390663825658214, 0.4685560799689882, 0.4664997980889096, 0.48478657814611004]}