{"ED": 0.8303054101467132, "ET": 0.8379425632953644, "N-NE": 0.8824597685337067, "mean": 0.8502359323501587, "whole_tumor": 0.8686384103298187, "tumor_core": 0.8556118559837341}