{"ED": 0.7322536370754242, "ET": 0.8337509350776673, "N-NE": 0.8498750350475311, "mean": 0.8052932224273681, "whole_tumor": 0.7202610955238342, "tumor_core": 0.8141287109851837}