{"ED": 0.8145930617454042, "ET": 0.8341326668442958, "N-NE": 0.8728932871286612, "mean": 0.840539695019741, "whole_tumor": 0.852516164105252, "tumor_core": 0.8461804701037616}