{"ED": 0.8207511253356934, "ET": 0.840174382686615, "N-NE": 0.8786121349334717, "mean": 0.8465125644207001, "whole_tumor": 0.8568337774276733, "tumor_core": 0.8574467976093292}