{"ED": 0.8117167063918247, "ET": 0.8343757977523651, "N-NE": 0.8729920285156524, "mean": 0.8396948651963496, "whole_tumor": 0.8486109967250748, "tumor_core": 0.8464105511566558}