{"ED": 0.8203112697601318, "ET": 0.8368120267391205, "N-NE": 0.8815799345970153, "mean": 0.8462344267368317, "whole_tumor": 0.860719827413559, "tumor_core": 0.8569575808048249}