{"ED": 0.8267939336299897, "ET": 0.8377409956455231, "N-NE": 0.8825595989227295, "mean": 0.8490315270423889, "whole_tumor": 0.863640129327774, "tumor_core": 0.8554566888809204}