{"ED": 0.8177393684387207, "ET": 0.8376117479801178, "N-NE": 0.8826912224292756, "mean": 0.8460141351222992, "whole_tumor": 0.8539966940879822, "tumor_core": 0.8600343687534332}