{"ED": 0.7908644996881485, "ET": 0.8381220450401307, "N-NE": 0.8731277606487274, "mean": 0.8340381212234497, "whole_tumor": 0.8183523910045624, "tumor_core": 0.8383748092651367}