{"ED": 0.7924226219654084, "ET": 0.8351913404464721, "N-NE": 0.8665654423236847, "mean": 0.8313931512832642, "whole_tumor": 0.8209298992156983, "tumor_core": 0.8303554241657257}