{"ED": 0.8174765303134918, "ET": 0.8404448249340057, "N-NE": 0.8741875994205475, "mean": 0.8440363399982452, "whole_tumor": 0.8494365618228913, "tumor_core": 0.8426901171207428}