{"ED": 0.786441031217575, "ET": 0.8360008873939514, "N-NE": 0.8654890851974487, "mean": 0.8293103556632996, "whole_tumor": 0.8119067757129669, "tumor_core": 0.8276061730384827}