{"ED": 0.6713897584676742, "ET": 0.8106615304946899, "N-NE": 0.7619486802816391, "mean": 0.7480000081062317, "whole_tumor": 0.6244674909114838, "tumor_core": 0.7285884327888489}