{"ED": 0.7493774900398407, "ET": 0.8370268924302788, "N-NE": 0.8630789342629482, "mean": 0.816494457275269, "whole_tumor": 0.7463271912350598, "tumor_core": 0.8285918824701195}