{"ED": 0.8154423972999907, "ET": 0.8341446217312756, "N-NE": 0.8733238508976788, "mean": 0.8409703072323742, "whole_tumor": 0.8534968079798725, "tumor_core": 0.8473861217498779}