{"ED": 0.8161400523318713, "ET": 0.8339174373216363, "N-NE": 0.8724790906526178, "mean": 0.8408455442622363, "whole_tumor": 0.8536139187584835, "tumor_core": 0.8469560295937071}