{"ED": 0.8261739423274994, "ET": 0.8383127202987671, "N-NE": 0.8826484122276306, "mean": 0.8490450415611267, "whole_tumor": 0.8640658521652221, "tumor_core": 0.8569220397472381}