{"ED": 0.8227481703758239, "ET": 0.8396309628486633, "N-NE": 0.8741219217777252, "mean": 0.8455003697872162, "whole_tumor": 0.85520254778862, "tumor_core": 0.8427945952415467}