{"ED": 0.75265625, "ET": 0.8405625, "N-NE": 0.86815625, "mean": 0.8204583547115326, "whole_tumor": 0.751125, "tumor_core": 0.832}