{"ED": 0.8183458375930787, "ET": 0.8404808368682861, "N-NE": 0.8768650381565094, "mean": 0.8452305896282196, "whole_tumor": 0.8505937330722809, "tumor_core": 0.8505088241100311}