{"ED": 0.7668976092718512, "ET": 0.8370268924302788, "N-NE": 0.8630789342629482, "mean": 0.8223345001855219, "whole_tumor": 0.7792424941917815, "tumor_core": 0.8285918824701195}