{"ED": 0.7829743869304657, "ET": 0.8388284575939179, "N-NE": 0.8714659266471863, "mean": 0.8310896089076996, "whole_tumor": 0.806467602968216, "tumor_core": 0.8363204860687256}