{"ED": 0.8188480999469757, "ET": 0.8397139487266541, "N-NE": 0.8809982244968414, "mean": 0.8465201075077057, "whole_tumor": 0.8595692117214203, "tumor_core": 0.8590880627632141}