{"ED": 0.8312342848777771, "ET": 0.8375621409416198, "N-NE": 0.8827317898273468, "mean": 0.8505094244480133, "whole_tumor": 0.8700629827976227, "tumor_core": 0.8580675406455993}