{"ED": 0.8159567742347718, "ET": 0.8391781771183013, "N-NE": 0.8815485692024231, "mean": 0.8455611901283264, "whole_tumor": 0.8547144751548768, "tumor_core": 0.8629037871360778}