{"ED": 0.8039799103736878, "ET": 0.8363134281635285, "N-NE": 0.8799629125595093, "mean": 0.8400854384899139, "whole_tumor": 0.8353164718151093, "tumor_core": 0.8498022012710571}