{"ED": 0.8113676451444626, "ET": 0.8375104448795319, "N-NE": 0.8793150193691254, "mean": 0.8427310557365417, "whole_tumor": 0.8455617361068726, "tumor_core": 0.8484124343395233}