{"ED": 0.7957786440849304, "ET": 0.8398609673976898, "N-NE": 0.8711462757587433, "mean": 0.8355953180789948, "whole_tumor": 0.8204158747196197, "tumor_core": 0.8414980142116547}