{"ED": 0.8001397762298584, "ET": 0.8377386977672577, "N-NE": 0.8797988784313202, "mean": 0.8392258024215699, "whole_tumor": 0.8318158266544342, "tumor_core": 0.8475701057910919}