{"ED": 0.8027113896917062, "ET": 0.8367932711939413, "N-NE": 0.8668173974253742, "mean": 0.8354407073967011, "whole_tumor": 0.835895215610109, "tumor_core": 0.8381617268718097}