{"ED": 0.81994016456604, "ET": 0.8486054604053497, "N-NE": 0.8779198522567749, "mean": 0.8488218467235565, "whole_tumor": 0.8576594972610474, "tumor_core": 0.8589633688926697}