{"ED": 0.8042750776526463, "ET": 0.8351747531339941, "N-NE": 0.8684305372941067, "mean": 0.8359601447781718, "whole_tumor": 0.8367205497278161, "tumor_core": 0.8405771488212495}