{"ED": 0.8134347853660584, "ET": 0.8370771746635437, "N-NE": 0.875167354106903, "mean": 0.8418931274414062, "whole_tumor": 0.8498835513591766, "tumor_core": 0.8464518113136291}