{"ED": 0.7565625, "ET": 0.83996875, "N-NE": 0.8701875, "mean": 0.8222396037578583, "whole_tumor": 0.7544375, "tumor_core": 0.834125}