{"ED": 0.8101929338329816, "ET": 0.835934074276472, "N-NE": 0.8708876580356126, "mean": 0.8390049105621429, "whole_tumor": 0.8470786410973842, "tumor_core": 0.8473796333924708}