{"ED": 0.8136887768825212, "ET": 0.834441646399251, "N-NE": 0.8725926002183283, "mean": 0.8402410289680815, "whole_tumor": 0.850937523689878, "tumor_core": 0.8453873600142886}