{"ED": 0.7989987555253079, "ET": 0.8358362963000142, "N-NE": 0.8632270874255207, "mean": 0.8326873974021213, "whole_tumor": 0.8299403893520158, "tumor_core": 0.8324550793940327}