{"ED": 0.8232649273872376, "ET": 0.83636439037323, "N-NE": 0.881931606054306, "mean": 0.8471869916915894, "whole_tumor": 0.8647633485794067, "tumor_core": 0.8594901578426362}