{"ED": 0.75221875, "ET": 0.8360625, "N-NE": 0.865625, "mean": 0.8179687688350677, "whole_tumor": 0.75096875, "tumor_core": 0.827625}