{"ED": 0.819331119298935, "ET": 0.839233017206192, "N-NE": 0.8781570398807526, "mean": 0.8455737447738647, "whole_tumor": 0.8531473050117493, "tumor_core": 0.8475991132259368}