{"ED": 0.8034035069942475, "ET": 0.8382477207183838, "N-NE": 0.8831119196414947, "mean": 0.841587735414505, "whole_tumor": 0.8372688746452331, "tumor_core": 0.8551259293556214}