{"ED": 0.812743644315408, "ET": 0.8341072771653711, "N-NE": 0.8730066466141507, "mean": 0.8399525398752129, "whole_tumor": 0.8497022269256561, "tumor_core": 0.8461703406387117}