{"ED": 0.8169582205939578, "ET": 0.8344165906013246, "N-NE": 0.8730245004612136, "mean": 0.8414664596200464, "whole_tumor": 0.8552370821812239, "tumor_core": 0.8473101887569959}