{"ED": 0.8187273252010345, "ET": 0.8416004393100739, "N-NE": 0.8763526899814605, "mean": 0.8455601735115051, "whole_tumor": 0.8569226434230804, "tumor_core": 0.853520141839981}