{"ED": 0.8201116397380829, "ET": 0.8361858716011047, "N-NE": 0.881731273651123, "mean": 0.8460096151828765, "whole_tumor": 0.860693540096283, "tumor_core": 0.8575092256069183}