{"ED": 0.807098100066185, "ET": 0.8379278848171234, "N-NE": 0.8823419189453126, "mean": 0.8424559905529022, "whole_tumor": 0.8432158095836639, "tumor_core": 0.8524850072860718}