{"ED": 0.7915635547637939, "ET": 0.838855984210968, "N-NE": 0.8702009811401367, "mean": 0.8335401921272277, "whole_tumor": 0.8133568140268326, "tumor_core": 0.8354109532833099}