{"ED": 0.8112949869632721, "ET": 0.8418752427101135, "N-NE": 0.8807107331752777, "mean": 0.8446270122528076, "whole_tumor": 0.8471939432621002, "tumor_core": 0.8557385807037353}