{"ED": 0.8117020191899333, "ET": 0.8368315231277648, "N-NE": 0.8717022863517244, "mean": 0.8400786321951573, "whole_tumor": 0.8485021954513641, "tumor_core": 0.8472197628116228}