{"ED": 0.8184405028820038, "ET": 0.8362857880592346, "N-NE": 0.881608148574829, "mean": 0.8454448344707489, "whole_tumor": 0.8595345339775086, "tumor_core": 0.8600207042694091}