{"ED": 0.8165860282947343, "ET": 0.8342396438834202, "N-NE": 0.8728490056269672, "mean": 0.8412249147654529, "whole_tumor": 0.8548674604807242, "tumor_core": 0.8455513689622461}