{"ED": 0.8100727314493096, "ET": 0.8343192861374631, "N-NE": 0.8682589808783209, "mean": 0.8375503546688187, "whole_tumor": 0.8461133158539396, "tumor_core": 0.8407398065722796}