{"ED": 0.8156038210391998, "ET": 0.8445314724445343, "N-NE": 0.8710831007957458, "mean": 0.8437394847869873, "whole_tumor": 0.8554806520938874, "tumor_core": 0.8576188812255859}