{"ED": 0.7932399326562881, "ET": 0.8369364635944366, "N-NE": 0.8791790924072266, "mean": 0.8364518525600433, "whole_tumor": 0.8228611953258514, "tumor_core": 0.8477559540271759}