{"ED": 0.7942305946350098, "ET": 0.8359556181430816, "N-NE": 0.8659583044052124, "mean": 0.8320481929779052, "whole_tumor": 0.8241292467117309, "tumor_core": 0.8323424489498138}