{"ED": 0.8130734522342682, "ET": 0.8432007775306701, "N-NE": 0.8793833343982697, "mean": 0.8452192113399506, "whole_tumor": 0.845690526008606, "tumor_core": 0.8544046339988709}