{"ED": 0.8150242778409524, "ET": 0.8347619308893424, "N-NE": 0.8722966947403562, "mean": 0.8406943206293175, "whole_tumor": 0.8523257859199646, "tumor_core": 0.8454556738237936}