{"ED": 0.8256045906543732, "ET": 0.838128868341446, "N-NE": 0.8821662755012513, "mean": 0.8486332652568818, "whole_tumor": 0.8625710737705231, "tumor_core": 0.8541994941234589}