{"ED": 0.8216002659797669, "ET": 0.8355513551235199, "N-NE": 0.881981944322586, "mean": 0.8463778746128082, "whole_tumor": 0.8625477378368378, "tumor_core": 0.8573590002059936}