{"ED": 0.7906435565948486, "ET": 0.8378381402492523, "N-NE": 0.8715357120037079, "mean": 0.8333391556739808, "whole_tumor": 0.8205232856273651, "tumor_core": 0.8392002050876617}