{"ED": 0.8171495795249939, "ET": 0.8411951448917389, "N-NE": 0.8786891565322876, "mean": 0.8456779804229736, "whole_tumor": 0.8571828882694245, "tumor_core": 0.8582675309181214}