{"ED": 0.7964249846944771, "ET": 0.8359030651381292, "N-NE": 0.8624735526829602, "mean": 0.831600550873821, "whole_tumor": 0.8260972205386219, "tumor_core": 0.8296208443394695}