{"ED": 0.8080029368400574, "ET": 0.8381984977722168, "N-NE": 0.8816832935810089, "mean": 0.8426282622814179, "whole_tumor": 0.8417501871585846, "tumor_core": 0.8508656644821166}