{"ED": 0.8201314768791199, "ET": 0.8370651645660401, "N-NE": 0.8818601548671723, "mean": 0.8463522872924805, "whole_tumor": 0.8607021157741547, "tumor_core": 0.8570949363708497}