{"ED": 0.8221552546024322, "ET": 0.8364727127552033, "N-NE": 0.8813780317306519, "mean": 0.8466686854362487, "whole_tumor": 0.8634020550251007, "tumor_core": 0.8589296464920044}