{"ED": 0.8312440111637115, "ET": 0.8376298274993896, "N-NE": 0.8827138559818268, "mean": 0.8505292508602142, "whole_tumor": 0.8699731724262237, "tumor_core": 0.8569620611667633}