{"ED": 0.7958733553430474, "ET": 0.8349791202412183, "N-NE": 0.8619759201528542, "mean": 0.8309428176556926, "whole_tumor": 0.826698411033448, "tumor_core": 0.827867962687139}