{"ED": 0.596835406059288, "ET": 0.810822522497747, "N-NE": 0.8466139661363397, "mean": 0.7514239851222095, "whole_tumor": 0.5903877860521415, "tumor_core": 0.7896913864698069}