{"ED": 0.8272150840759277, "ET": 0.8374232325553894, "N-NE": 0.882828485250473, "mean": 0.8491556169986725, "whole_tumor": 0.8652260360717774, "tumor_core": 0.8570630943775177}