{"ED": 0.7985364260673523, "ET": 0.8369019074440003, "N-NE": 0.8719595565795898, "mean": 0.8357993190288544, "whole_tumor": 0.8284325430393219, "tumor_core": 0.8385741813182831}