{"ED": 0.8166997840404511, "ET": 0.8364108943939209, "N-NE": 0.8853862943649292, "mean": 0.8461656794548035, "whole_tumor": 0.8554327518939971, "tumor_core": 0.8626557755470275}