{"ED": 0.8174342327117919, "ET": 0.8375289373397827, "N-NE": 0.8816164255142211, "mean": 0.8455265536308288, "whole_tumor": 0.8581932337284088, "tumor_core": 0.8580597376823426}