{"ED": 0.8151598548984148, "ET": 0.8339495575760465, "N-NE": 0.8731565375727012, "mean": 0.8407553346508527, "whole_tumor": 0.8533743667412564, "tumor_core": 0.8467450490985734}