{"ED": 0.8047727870941163, "ET": 0.8403294367790222, "N-NE": 0.8771852495670318, "mean": 0.8407625119686126, "whole_tumor": 0.8367748141288758, "tumor_core": 0.8442852292060852}