{"ED": 0.8195970618724823, "ET": 0.8379078576564789, "N-NE": 0.8814554886817932, "mean": 0.8463201541900635, "whole_tumor": 0.8606221368312835, "tumor_core": 0.8594931328296661}