{"ED": 0.8111903755664825, "ET": 0.842604211807251, "N-NE": 0.8717110691070556, "mean": 0.8418352401256561, "whole_tumor": 0.8472489693164825, "tumor_core": 0.8489376151561737}