{"ED": 0.7813031041622162, "ET": 0.8382449851036072, "N-NE": 0.8723331482410431, "mean": 0.8306271009445191, "whole_tumor": 0.8057805758714676, "tumor_core": 0.8435387651920319}