{"ED": 0.8209629553556442, "ET": 0.8413210976123809, "N-NE": 0.884042154788971, "mean": 0.8487754249572754, "whole_tumor": 0.8596806290149689, "tumor_core": 0.8599268560409545}