{"ED": 0.8195928564071655, "ET": 0.8360418317317962, "N-NE": 0.8820563821792603, "mean": 0.8458970408439637, "whole_tumor": 0.8598634493350983, "tumor_core": 0.8561661710739136}