{"ED": 0.8258512012958527, "ET": 0.8374510331153869, "N-NE": 0.8828787202835083, "mean": 0.848727002620697, "whole_tumor": 0.8629340224266052, "tumor_core": 0.8568336944580078}