{"ED": 0.8266972317695618, "ET": 0.8377611539363861, "N-NE": 0.8821891403198242, "mean": 0.8488825268745422, "whole_tumor": 0.8639019343852997, "tumor_core": 0.8546956329345703}