{"ED": 0.6957406336069107, "ET": 0.8311299827098847, "N-NE": 0.86459375, "mean": 0.7971548087596894, "whole_tumor": 0.6915946768522263, "tumor_core": 0.8220060851573944}