{"ED": 0.8130304746893773, "ET": 0.834540142956008, "N-NE": 0.8725942969322205, "mean": 0.8400549917107084, "whole_tumor": 0.8503705709578981, "tumor_core": 0.8462940848681081}