{"ED": 0.8085438895225525, "ET": 0.8441786634922027, "N-NE": 0.8776706066131592, "mean": 0.8434644081592559, "whole_tumor": 0.8466201093196869, "tumor_core": 0.8557051587104797}