{"ED": 0.8016022075694871, "ET": 0.8380156387370896, "N-NE": 0.8665350131779553, "mean": 0.8353843069171526, "whole_tumor": 0.8340416987578707, "tumor_core": 0.8387822558680379}