{"ED": 0.8159541974067688, "ET": 0.8424963862895966, "N-NE": 0.8733948063850403, "mean": 0.8439484820365906, "whole_tumor": 0.8485797708034515, "tumor_core": 0.8484103927612304}