{"epochs": 25, "train_loss": [0.5713120834827423, 20246.801947265623, 21956.029416015626, 22771.6469765625, 23897.154439453127, 23952.925080078126, 25540.149314453123, 25971.889021484374, 27050.026771484376, 27148.1330390625, 28921.880666015626, 28779.44731640625, 29212.184537109373, 30556.012427734375, 30173.23713671875, 31940.127703125, 34020.0545546875, 35618.81998046875, 35203.9435546875, 35671.12313476563, 37168.00262304687, 39934.25444335937, 39979.106203125, 43901.85609960937, 45034.54682421875], "valid_loss": [0.5158565307993338, 0.5412321489645665, 0.5428551575577116, 0.5349528924877425, 0.5181693564135715, 0.49961132274205944, 0.5019668565090909, 0.49879767065979097, 0.4899266964173412, 0.4974868901934757, 0.4998981226013001, 0.4990079926542077, 0.4929365736554818, 0.49009603974353744, 0.4907574413782097, 0.4896972951186131, 0.4907028172833036, 0.4919871776939863, 0.49269180231360327, 0.4904602563001245, 0.4938411730456637, 0.4939755646593542, 0.49147712792533327, 0.4919511836126031, 0.4929478264662374]}