{"epochs": 25, "train_loss": [0.5676866500051347, 14232.895109285246, 15224.513704069368, 19817.362435416147, 24239.546769636614, 25955.525581840036, 29003.23264235764, 31451.413096668955, 33546.84218320742, 35864.83424778347, 36060.449706543455, 37122.22211577485, 37002.85516241571, 36214.15282764111, 36109.491471419205, 37277.72516350837, 38028.83432973277, 40395.37265078671, 41501.082977569306, 43015.632966642734, 43341.38163594218, 43016.95598542083, 44343.869066480394, 47559.0863550512, 49997.60012643607], "valid_loss": [0.5174134826660156, 0.535130541086197, 0.5378001487255096, 0.5342024106979371, 0.5247287673950195, 0.5055654809474945, 0.5046995687484741, 0.5045783760547637, 0.48533626449108125, 0.4901146034002304, 0.4926289497613907, 0.486978698015213, 0.4865876466035843, 0.49376052057743075, 0.4858128796815872, 0.4857824454307556, 0.48596766352653503, 0.48605338084697725, 0.4848686692714691, 0.4870904417037964, 0.48860033905506134, 0.4870608378648758, 0.4862846436500549, 0.48849115014076233, 0.48537619471549986]}