{"epochs": 25, "train_loss": [0.5653709998497596, 22675.066546734517, 32362.27949589473, 43041.45266647415, 48545.807091346156, 54455.39060939061, 56110.31628917957, 61187.443314498, 63825.661639142105, 66986.49345576299, 78409.64993209916, 69916.27945101773, 67683.24028315434, 68440.35729114636, 71033.55098417208, 73399.22955560064, 67184.29413555194, 68919.67829826423, 71176.70673467158, 76476.64435174201, 75672.01191386738, 78143.45591127622, 82958.54290241009, 79532.5576766983, 79761.97821319306], "valid_loss": [0.5150853466987609, 0.5376906147003174, 0.5376259059906006, 0.5337643444538116, 0.5073873790502548, 0.5047649310827256, 0.4912242238521576, 0.49090419459342954, 0.4932470401525497, 0.4880760591030121, 0.4942942202091217, 0.4888057398796082, 0.49221293604373934, 0.4949156252145767, 0.4905140932798386, 0.4932474048137665, 0.4878216440677643, 0.48797482848167417, 0.48850215566158295, 0.48885518515110016, 0.4868926981687546, 0.48442211842536925, 0.4876531279087067, 0.48630816435813906, 0.4850115691423416]}