{"ED": 0.7870530390739441, "ET": 0.8110443773269653, "N-NE": 0.8466687316894531, "mean": 0.8149220666885376, "whole_tumor": 0.8363211135864258, "tumor_core": 0.8314004192352294}