{"ED": 0.8211981902122497, "ET": 0.8115819716453552, "N-NE": 0.8547977461814881, "mean": 0.8291926517486572, "whole_tumor": 0.8600050439834594, "tumor_core": 0.8321991696357727}