{"ED": 0.8007606277465821, "ET": 0.83568466091156, "N-NE": 0.8558349056243897, "mean": 0.830760078907013, "whole_tumor": 0.8441240382194519, "tumor_core": 0.8496894569396972}