{"ED": 0.7909134378433228, "ET": 0.801665343761444, "N-NE": 0.8386333866119384, "mean": 0.8104040722846985, "whole_tumor": 0.8328672976493835, "tumor_core": 0.8188965678215027}