{"ED": 0.8439764404296874, "ET": 0.8331921648979187, "N-NE": 0.8649728093147278, "mean": 0.8473804903030395, "whole_tumor": 0.8861364116668701, "tumor_core": 0.8539868040084839}