{"ED": 0.815537266254425, "ET": 0.8259536609649658, "N-NE": 0.8683020944595337, "mean": 0.8365976967811585, "whole_tumor": 0.8604215955734253, "tumor_core": 0.8489756183624267}