{"ED": 0.8232469725608825, "ET": 0.828260910987854, "N-NE": 0.8618330383300781, "mean": 0.8377803282737732, "whole_tumor": 0.8682077302932739, "tumor_core": 0.8533888649940491}