{"ED": 0.7890329060554504, "ET": 0.7888321347236633, "N-NE": 0.8265624675750732, "mean": 0.8014758596420288, "whole_tumor": 0.8308960876464844, "tumor_core": 0.7892458024024963}