{"ED": 0.8323622155189514, "ET": 0.8466067271232605, "N-NE": 0.8687693886756896, "mean": 0.8492461314201355, "whole_tumor": 0.8686568713188172, "tumor_core": 0.8506213417053222}