{"ED": 0.8147770476341247, "ET": 0.8107187142372131, "N-NE": 0.8596521410942077, "mean": 0.8283826522827148, "whole_tumor": 0.857101900100708, "tumor_core": 0.8354086961746215}