{"ED": 0.7790804100036621, "ET": 0.82969557762146, "N-NE": 0.8511402158737182, "mean": 0.8199720892906189, "whole_tumor": 0.8262063512802124, "tumor_core": 0.8521849489212037}