{"ED": 0.7940468714237213, "ET": 0.787349793434143, "N-NE": 0.8319582939147949, "mean": 0.8044516735076904, "whole_tumor": 0.8303670864105225, "tumor_core": 0.7960224523544311}