{"ED": 0.8352419610023498, "ET": 0.8471339297294617, "N-NE": 0.8687163343429566, "mean": 0.8503640928268432, "whole_tumor": 0.8745651097297669, "tumor_core": 0.862771698474884}