{"ED": 0.8019196338653565, "ET": 0.8101491265296936, "N-NE": 0.840757661819458, "mean": 0.8176088271141052, "whole_tumor": 0.8438047852516174, "tumor_core": 0.817514211177826}