{"ED": 0.8179290785789489, "ET": 0.8227396206855774, "N-NE": 0.8643854718208313, "mean": 0.8350180778503418, "whole_tumor": 0.8627843365669251, "tumor_core": 0.8452243342399597}