{"ED": 0.844760630607605, "ET": 0.845700650215149, "N-NE": 0.871118495464325, "mean": 0.8538599486351013, "whole_tumor": 0.8850334057807923, "tumor_core": 0.8682073230743408}