{"ED": 0.8100393772125244, "ET": 0.8293146648406983, "N-NE": 0.8522675409317017, "mean": 0.8305405502319336, "whole_tumor": 0.8595149388313293, "tumor_core": 0.8549787502288818}