{"ED": 0.8119828066825867, "ET": 0.8193516159057617, "N-NE": 0.8675889368057251, "mean": 0.8329744725227356, "whole_tumor": 0.8631919903755187, "tumor_core": 0.8467625889778138}