{"ED": 0.8098189787864685, "ET": 0.8318268542289734, "N-NE": 0.8604869370460511, "mean": 0.8340442790985108, "whole_tumor": 0.8497812442779541, "tumor_core": 0.8430981245040894}