{"ED": 0.8346236248016358, "ET": 0.8178496160507203, "N-NE": 0.8564208836555481, "mean": 0.8362980599403381, "whole_tumor": 0.873312493801117, "tumor_core": 0.8379276156425476}