{"ED": 0.7862159605026245, "ET": 0.8015414509773254, "N-NE": 0.8333169164657592, "mean": 0.8070247974395752, "whole_tumor": 0.8266801557540894, "tumor_core": 0.8059054646492004}