{"ED": 0.8129125723838806, "ET": 0.8325037822723389, "N-NE": 0.8624119257926941, "mean": 0.835942774772644, "whole_tumor": 0.8540542011260986, "tumor_core": 0.8487443575859069}