{"ED": 0.7824416017532348, "ET": 0.7616608529090881, "N-NE": 0.8142658948898316, "mean": 0.7861228036880493, "whole_tumor": 0.8137033042907715, "tumor_core": 0.7479927864074707}