{"ED": 0.5729091160297394, "ET": 0.5816596291065216, "N-NE": 0.6234413793087006, "mean": 0.5926700613498688, "whole_tumor": 0.5867213587760925, "tumor_core": 0.5447277748584747}