{"ED": 0.8220078887939453, "ET": 0.8171815118789673, "N-NE": 0.8590326471328735, "mean": 0.8327407031059265, "whole_tumor": 0.8670594396591187, "tumor_core": 0.8448523635864258}